SET SERVEROUTPUT ON
/
DECLARE
  r_cnt NUMBER := 0 ;
  
BEGIN
  
  DBMS_OUTPUT.PUT_LINE('Populate Tables ...');
  
  DBMS_OUTPUT.PUT('  A3_Rootstck |');

  INSERT INTO A3_Rootstock VALUES ( 'MM111', 'Very Vigourous', 'Produces a tree somewhat larger than MM106. Noted for its good drought tolerance and ability to grow on difficult soils. Comes INTO fruit-bearing after 4-5 years and reaches full size after about 10 years.'); DBMS_OUTPUT.PUT('.');
  INSERT INTO A3_Rootstock VALUES ( 'M25', 'Very Vigourous', 'Produces a traditional large apple tree. Comes INTO bearing after 3-5 years.' ); DBMS_OUTPUT.PUT('.');
  INSERT INTO A3_Rootstock VALUES ( 'M116', 'Vigourous', 'It produces a tree which is slightly smaller than MM106, but capable of producing the same quantity of apples. Use a temporary oblique stake for first few years if in an exposed situation, but does not require a permanent stake. It is a better choice than MM106 for wet sites.' ); DBMS_OUTPUT.PUT('.');
  INSERT INTO A3_Rootstock VALUES ( 'MM106', 'Vigourous', 'The best choice for a good sized apple tree, especially if you just want to plant the tree and let it get on with it - does not require much looking after and tolerates low vegetation around it once established. Susceptible to collar rot on wet sites. Use a temporary oblique stake for first few years if in an exposed situation, but does not require permanent staking. Comes INTO fruit-bearing after 3-4 years.'); DBMS_OUTPUT.PUT('.');
  INSERT INTO A3_Rootstock VALUES ( 'M26', 'Semi-Vigourous', 'Can be treated as a small MM106 in most respects. Will need a permanent stake in lighter soils. Not suitable for damp soils.'); DBMS_OUTPUT.PUT('.');
  INSERT INTO A3_Rootstock VALUES ( 'M9', 'Dwarfing', 'Permanent stake required. Watering and feeding required. Ground around the tree should be kept weed-free. Apple trees on M9 are very productive and come INTO bearing within 2-3 years of planting, the tree reaches full size after about 5 years. The fruit size is sometimes slightly larger than on other rootstocks. An excellent choice for the smaller garden in most parts of the UK.'); DBMS_OUTPUT.PUT('.');
  INSERT INTO A3_Rootstock VALUES ( 'M27', 'Extreme Dwarfing', 'Permanent stake required. Watering and feeding required. Ground around the tree should be kept weed-free. Usually starts bearing crops and reaches full size within 2-3 years.'); DBMS_OUTPUT.PUT('.');
  SELECT COUNT (*) INTO r_cnt FROM A3_Rootstock;
  DBMS_OUTPUT.PUT_LINE('| ' || r_cnt || ' records' );

  DBMS_OUTPUT.PUT('  A3_Variety |');

  INSERT INTO A3_Variety VALUES ( 'Ambassy', 2, 'Early', 'Y', 'Y', 'Large', 'Red', 'Heavy' ); DBMS_OUTPUT.PUT('.');
  INSERT INTO A3_Variety VALUES ( 'American Mother', 4, 'Early', 'N', 'Y', 'Medium', 'Red', 'Moderate' ); DBMS_OUTPUT.PUT('.');
  INSERT INTO A3_Variety VALUES ( 'Api Rose', 7, 'Late', 'N', 'Y', 'Small', 'Yellow', 'Light' ); DBMS_OUTPUT.PUT('.');
  INSERT INTO A3_Variety VALUES ( 'Arthur Turner', 3, 'Early', 'Y', 'N', 'Medium', 'Pink', 'Heavy' ); DBMS_OUTPUT.PUT('.');
  INSERT INTO A3_Variety VALUES ( 'Blenheim Orange', 3, 'Mid', 'Y', 'Y', 'Medium', 'Russet', 'Heavy' ); DBMS_OUTPUT.PUT('.');
  INSERT INTO A3_Variety VALUES ( 'Braeburn', 4, 'Late', 'N', 'Y', 'Medium', 'Red', 'Moderate' ); DBMS_OUTPUT.PUT('.');
  INSERT INTO A3_Variety VALUES ( 'Bramley''s Seedling', 3, 'Mid', 'Y', 'N', 'Large', 'Yellow-Green', 'Heavy' ); DBMS_OUTPUT.PUT('.');
  INSERT INTO A3_Variety VALUES ( 'Chiver''s Delight', 4, 'Late', 'N', 'Y', 'Medium', 'Green', 'Light' ); DBMS_OUTPUT.PUT('.');
  INSERT INTO A3_Variety VALUES ( 'Christmas Pearmain', 2, 'Mid', 'N', 'Y', 'Small', 'Orange', 'Light' ); DBMS_OUTPUT.PUT('.');
  INSERT INTO A3_Variety VALUES ( 'Costard', 5, 'Mid', 'N', 'Y', 'Large', 'Yellow', 'Moderate' ); DBMS_OUTPUT.PUT('.');
  INSERT INTO A3_Variety VALUES ( 'Crawley Beauty', 8, 'Late', 'Y', 'N', 'Small', 'Yellow', 'Moderate' ); DBMS_OUTPUT.PUT('.');
  INSERT INTO A3_Variety VALUES ( 'Crimson Gravenstein', 1, 'Early', 'N', 'Y', 'Large', 'Red', 'Light' ); DBMS_OUTPUT.PUT('.');
  INSERT INTO A3_Variety VALUES ( 'Decio', 5, 'Mid', 'N', 'Y', 'Small', 'Pink', 'Light' ); DBMS_OUTPUT.PUT('.');
  INSERT INTO A3_Variety VALUES ( 'Edward VII', 6, 'Late', 'Y', 'N', 'Large', 'Yellow', 'Moderate' ); DBMS_OUTPUT.PUT('.');
  INSERT INTO A3_Variety VALUES ( 'Feille Morte', 8, 'Late', 'N', 'Y', 'Small', 'Red', 'Light' ); DBMS_OUTPUT.PUT('.');
  INSERT INTO A3_Variety VALUES ( 'Golden Noble', 4, 'Mid', 'Y', 'N', 'Large', 'Green', 'Moderate' ); DBMS_OUTPUT.PUT('.');
  INSERT INTO A3_Variety VALUES ( 'Harry Pring', 4, 'Late', 'N', 'Y', 'Medium', 'Pink', 'Moderate' ); DBMS_OUTPUT.PUT('.');
  INSERT INTO A3_Variety VALUES ( 'Ingall''s Pippin', 6, 'Mid', 'N', 'Y', 'Large', 'Pink', 'Light' ); DBMS_OUTPUT.PUT('.');
  INSERT INTO A3_Variety VALUES ( 'Irish Peach', 2, 'Early', 'N', 'Y', 'Small', 'Yellow', 'Moderate' ); DBMS_OUTPUT.PUT('.');
  INSERT INTO A3_Variety VALUES ( 'James Grieve', 3, 'Early', 'Y', 'Y', 'Medium', 'Red', 'Heavy' ); DBMS_OUTPUT.PUT('.');
  INSERT INTO A3_Variety VALUES ( 'Kidd''s Orange Red', 3, 'Early', 'N', 'Y', 'Medium', 'Orange-Red', 'Heavy' ); DBMS_OUTPUT.PUT('.');
  INSERT INTO A3_Variety VALUES ( 'Lord Burghley', 5, 'Mid', 'N', 'Y', 'Medium', 'Orange', 'Moderate' ); DBMS_OUTPUT.PUT('.');
  INSERT INTO A3_Variety VALUES ( 'Mollie''s Delicious', 5, 'Mid', 'N', 'Y', 'Large', 'Red', 'Moderate' ); DBMS_OUTPUT.PUT('.');
  INSERT INTO A3_Variety VALUES ( 'Newton Wonder', 5, 'Late', 'Y', 'N', 'Large', 'Orange', 'Heavy' ); DBMS_OUTPUT.PUT('.');
  INSERT INTO A3_Variety VALUES ( 'Orangenburg', 4, 'Late', 'N', 'Y', 'Medium', 'Pink', 'Moderate' ); DBMS_OUTPUT.PUT('.');
  INSERT INTO A3_Variety VALUES ( 'Pinova', 3, 'Mid', 'N', 'Y', 'Small', 'Red', 'Moderate' ); DBMS_OUTPUT.PUT('.');
  INSERT INTO A3_Variety VALUES ( 'Royal Gala', 4, 'Mid', 'N', 'Y', 'Medium', 'Orange', 'Heavy' ); DBMS_OUTPUT.PUT('.');
  INSERT INTO A3_Variety VALUES ( 'Stoke Red', 7, 'Late', 'Y', 'Y', 'Small', 'Red', 'Heavy' ); DBMS_OUTPUT.PUT('.');
  INSERT INTO A3_Variety VALUES ( 'Sunset', 3, 'Mid', 'N', 'Y', 'Large', 'Orange', 'Heavy' ); DBMS_OUTPUT.PUT('.');
  INSERT INTO A3_Variety VALUES ( 'Tentation', 3, 'Mid', 'N', 'Y', 'Medium', 'Orange', 'Moderate' ); DBMS_OUTPUT.PUT('.');
  INSERT INTO A3_Variety VALUES ( 'Underleaf', 5, 'Mid', 'N', 'Y', 'Medium', 'Yellow', 'Moderate' ); DBMS_OUTPUT.PUT('.');
  INSERT INTO A3_Variety VALUES ( 'Vernade', 6, 'Late', 'N', 'Y', 'Medium', 'Russet', 'Moderate' ); DBMS_OUTPUT.PUT('.');
  INSERT INTO A3_Variety VALUES ( 'White Joaneting', 1, 'Early', 'N', 'Y', 'Small', 'Yellow', 'Light' ); DBMS_OUTPUT.PUT('.');
  SELECT COUNT (*) INTO r_cnt FROM A3_Variety;
  DBMS_OUTPUT.PUT_LINE('| ' || r_cnt || ' records' );

  DBMS_OUTPUT.PUT('  A3_Tree |');

  INSERT INTO A3_Tree VALUES ( '000001', 'M9', 'Ambassy', 5, 34.20); DBMS_OUTPUT.PUT('.');
  INSERT INTO A3_Tree VALUES ( '000002', 'M27', 'American Mother', 3.5, 45.60); DBMS_OUTPUT.PUT('.');
  INSERT INTO A3_Tree VALUES ( '000003', 'M26', 'American Mother', 5, 39.30); DBMS_OUTPUT.PUT('.');
  INSERT INTO A3_Tree VALUES ( '000004', 'MM106', 'Api Rose', 3.5, 66.80 ); DBMS_OUTPUT.PUT('.');
  INSERT INTO A3_Tree VALUES ( '000005', 'M26', 'Blenheim Orange', 10, 33.40 ); DBMS_OUTPUT.PUT('.');
  INSERT INTO A3_Tree VALUES ( '000006', 'M26', 'Blenheim Orange', 5, 28.60 ); DBMS_OUTPUT.PUT('.');
  INSERT INTO A3_Tree VALUES ( '000007', 'M9', 'Braeburn', 7.5, 27.20 ); DBMS_OUTPUT.PUT('.');
  INSERT INTO A3_Tree VALUES ( '000008', 'M9', 'Braeburn', 3.5, 22.60 ); DBMS_OUTPUT.PUT('.');
  INSERT INTO A3_Tree VALUES ( '000009', 'MM111', 'Braeburn', 5, 25.00 ); DBMS_OUTPUT.PUT('.');
  INSERT INTO A3_Tree VALUES ( '000010', 'MM106', 'Bramley''s Seedling', 15, 24.50 ); DBMS_OUTPUT.PUT('.');
  INSERT INTO A3_Tree VALUES ( '000011', 'MM106', 'Bramley''s Seedling', 7.5, 21.80 ); DBMS_OUTPUT.PUT('.');
  INSERT INTO A3_Tree VALUES ( '000012', 'M26', 'Bramley''s Seedling', 5, 24.00 ); DBMS_OUTPUT.PUT('.');
  INSERT INTO A3_Tree VALUES ( '000013', 'M26', 'Chiver''s Delight', 5, 34.60 ); DBMS_OUTPUT.PUT('.');
  INSERT INTO A3_Tree VALUES ( '000014', 'M9', 'Chiver''s Delight', 3.5, 36.80 ); DBMS_OUTPUT.PUT('.');
  INSERT INTO A3_Tree VALUES ( '000015', 'MM111', 'Christmas Pearmain', 10, 68.30 ); DBMS_OUTPUT.PUT('.');
  INSERT INTO A3_Tree VALUES ( '000016', 'M9', 'Costard', 3.5, 52.80 ); DBMS_OUTPUT.PUT('.');
  INSERT INTO A3_Tree VALUES ( '000017', 'M26', 'Crawley Beauty', 7.5, 47.90 ); DBMS_OUTPUT.PUT('.');
  INSERT INTO A3_Tree VALUES ( '000018', 'M26', 'Crawley Beauty', 3.5, 37.00 ); DBMS_OUTPUT.PUT('.');
  INSERT INTO A3_Tree VALUES ( '000019', 'MM106', 'Crawley Beauty', 10, 46.20 ); DBMS_OUTPUT.PUT('.');
  INSERT INTO A3_Tree VALUES ( '000020', 'MM106', 'Crawley Beauty', 5, 35.20 ); DBMS_OUTPUT.PUT('.');
  INSERT INTO A3_Tree VALUES ( '000021', 'M27', 'Crimson Gravenstein', 3.5, 41.60 ); DBMS_OUTPUT.PUT('.');
  INSERT INTO A3_Tree VALUES ( '000022', 'M9', 'Decio', 7.5, 56.00 ); DBMS_OUTPUT.PUT('.');
  INSERT INTO A3_Tree VALUES ( '000023', 'M27', 'Decio', 3.5, 51.50 ); DBMS_OUTPUT.PUT('.');
  INSERT INTO A3_Tree VALUES ( '000024', 'MM106', 'Edward VII', 15, 49.70 ); DBMS_OUTPUT.PUT('.');
  INSERT INTO A3_Tree VALUES ( '000025', 'MM111', 'Feille Morte', 10, 42.60 ); DBMS_OUTPUT.PUT('.');
  INSERT INTO A3_Tree VALUES ( '000026', 'M26', 'Golden Noble', 7.5, 56.60 ); DBMS_OUTPUT.PUT('.');
  INSERT INTO A3_Tree VALUES ( '000027', 'M9', 'Golden Noble', 3.5, 43.50 ); DBMS_OUTPUT.PUT('.');
  INSERT INTO A3_Tree VALUES ( '000028', 'M9', 'Ingall''s Pippin', 3.5, 61.40 ); DBMS_OUTPUT.PUT('.');
  INSERT INTO A3_Tree VALUES ( '000029', 'M9', 'Ingall''s Pippin', 5, 69.90 ); DBMS_OUTPUT.PUT('.');
  INSERT INTO A3_Tree VALUES ( '000030', 'M27', 'Irish Peach', 5, 24.30 ); DBMS_OUTPUT.PUT('.');
  INSERT INTO A3_Tree VALUES ( '000031', 'M26', 'Irish Peach', 10, 35.00 ); DBMS_OUTPUT.PUT('.');
  INSERT INTO A3_Tree VALUES ( '000032', 'M9', 'Irish Peach', 7.5, 25.80 ); DBMS_OUTPUT.PUT('.');
  INSERT INTO A3_Tree VALUES ( '000033', 'M25', 'James Grieve', 15, 45.00 ); DBMS_OUTPUT.PUT('.');
  INSERT INTO A3_Tree VALUES ( '000034', 'M26', 'James Grieve', 5, 23.00 ); DBMS_OUTPUT.PUT('.');
  INSERT INTO A3_Tree VALUES ( '000035', 'M26', 'James Grieve', 7.5, 31.00 ); DBMS_OUTPUT.PUT('.');
  INSERT INTO A3_Tree VALUES ( '000036', 'M9', 'James Grieve', 3.5, 22.50 ); DBMS_OUTPUT.PUT('.');
  INSERT INTO A3_Tree VALUES ( '000037', 'M9', 'Kidd''s Orange Red', 5, 31.80 ); DBMS_OUTPUT.PUT('.');
  INSERT INTO A3_Tree VALUES ( '000038', 'M27', 'Kidd''s Orange Red', 3.5, 30.80 ); DBMS_OUTPUT.PUT('.');
  INSERT INTO A3_Tree VALUES ( '000039', 'MM111', 'Lord Burghley', 15, 69.80 ); DBMS_OUTPUT.PUT('.');
  INSERT INTO A3_Tree VALUES ( '000040', 'M9', 'Newton Wonder', 3.5, 19.60 ); DBMS_OUTPUT.PUT('.');
  INSERT INTO A3_Tree VALUES ( '000041', 'M9', 'Newton Wonder', 5, 27.40 ); DBMS_OUTPUT.PUT('.');
  INSERT INTO A3_Tree VALUES ( '000042', 'M26', 'Newton Wonder', 5, 23.00 ); DBMS_OUTPUT.PUT('.');
  INSERT INTO A3_Tree VALUES ( '000043', 'MM106', 'Orangenburg', 10, 51.20 ); DBMS_OUTPUT.PUT('.');
  INSERT INTO A3_Tree VALUES ( '000044', 'M26', 'Orangenburg', 3.5, 29.80 ); DBMS_OUTPUT.PUT('.');
  INSERT INTO A3_Tree VALUES ( '000045', 'M26', 'Orangenburg', 5, 33.30 ); DBMS_OUTPUT.PUT('.');
  INSERT INTO A3_Tree VALUES ( '000046', 'M26', 'Orangenburg', 7.5, 46.10 ); DBMS_OUTPUT.PUT('.');
  INSERT INTO A3_Tree VALUES ( '000047', 'M9', 'Orangenburg', 3.5, 31.20 ); DBMS_OUTPUT.PUT('.');
  INSERT INTO A3_Tree VALUES ( '000048', 'M9', 'Orangenburg', 5, 33.60 ); DBMS_OUTPUT.PUT('.');
  INSERT INTO A3_Tree VALUES ( '000049', 'M9', 'Pinova', 3.5, 29.40 ); DBMS_OUTPUT.PUT('.');
  INSERT INTO A3_Tree VALUES ( '000050', 'M27', 'Pinova', 3.5, 34.20 ); DBMS_OUTPUT.PUT('.');
  INSERT INTO A3_Tree VALUES ( '000051', 'M27', 'Pinova', 5, 45.00 ); DBMS_OUTPUT.PUT('.');
  INSERT INTO A3_Tree VALUES ( '000052', 'M26', 'Royal Gala', 3.5, 17.40 ); DBMS_OUTPUT.PUT('.');
  INSERT INTO A3_Tree VALUES ( '000053', 'M26', 'Royal Gala', 5, 22.60 ); DBMS_OUTPUT.PUT('.');
  INSERT INTO A3_Tree VALUES ( '000054', 'M26', 'Royal Gala', 7.5, 29.70 ); DBMS_OUTPUT.PUT('.');
  INSERT INTO A3_Tree VALUES ( '000055', 'M9', 'Royal Gala', 2.5, 17.60 ); DBMS_OUTPUT.PUT('.');
  INSERT INTO A3_Tree VALUES ( '000056', 'M9', 'Royal Gala', 5, 22.60 ); DBMS_OUTPUT.PUT('.');
  INSERT INTO A3_Tree VALUES ( '000057', 'M27', 'Royal Gala', 3.5, 21.80 ); DBMS_OUTPUT.PUT('.');
  INSERT INTO A3_Tree VALUES ( '000058', 'M9', 'Stoke Red', 3.5, 41.00 ); DBMS_OUTPUT.PUT('.');
  INSERT INTO A3_Tree VALUES ( '000059', 'M9', 'Stoke Red', 5, 47.00 ); DBMS_OUTPUT.PUT('.');
  INSERT INTO A3_Tree VALUES ( '000060', 'M27', 'Tentation', 5, 36.60 ); DBMS_OUTPUT.PUT('.');
  INSERT INTO A3_Tree VALUES ( '000061', 'M27', 'Tentation', 5, 36.60 ); DBMS_OUTPUT.PUT('.');
  INSERT INTO A3_Tree VALUES ( '000062', 'M26', 'Tentation', 5, 31.70 ); DBMS_OUTPUT.PUT('.');
  INSERT INTO A3_Tree VALUES ( '000063', 'MM106', 'Underleaf', 10, 60.50 ); DBMS_OUTPUT.PUT('.');
  INSERT INTO A3_Tree VALUES ( '000064', 'M26', 'Underleaf', 7.5, 49.20 ); DBMS_OUTPUT.PUT('.');
  INSERT INTO A3_Tree VALUES ( '000065', 'M26', 'Underleaf', 7.5, 49.20 ); DBMS_OUTPUT.PUT('.');
  INSERT INTO A3_Tree VALUES ( '000066', 'M9', 'Underleaf', 15, 95.60 ); DBMS_OUTPUT.PUT('.');
  INSERT INTO A3_Tree VALUES ( '000067', 'MM111', 'Vernade', 20, 98.60 ); DBMS_OUTPUT.PUT('.');
  INSERT INTO A3_Tree VALUES ( '000068', 'MM106', 'Vernade', 15, 93.00 ); DBMS_OUTPUT.PUT('.');
  INSERT INTO A3_Tree VALUES ( '000069', 'M26', 'White Joaneting', 5, 50.40 ); DBMS_OUTPUT.PUT('.');
  INSERT INTO A3_Tree VALUES ( '000070', 'M116', 'White Joaneting', 7.5, 50.40); DBMS_OUTPUT.PUT('.');
  INSERT INTO A3_Tree VALUES ( '000071', 'M9', 'Christmas Pearmain', 5, 45.00 ); DBMS_OUTPUT.PUT('.');
  INSERT INTO A3_Tree VALUES ( '000072', 'M26', 'Kidd''s Orange Red', 3.5, 28.50 ); DBMS_OUTPUT.PUT('.');
  INSERT INTO A3_Tree VALUES ( '000073', 'M26', 'Kidd''s Orange Red', 5, 38.00); DBMS_OUTPUT.PUT('.');
  INSERT INTO A3_Tree VALUES ( '000074', 'M116', 'Bramley''s Seedling', 7.5, 25.75); DBMS_OUTPUT.PUT('.');
  INSERT INTO A3_Tree VALUES ( '000075', 'M25', 'Lord Burghley', 20, 89.50 ); DBMS_OUTPUT.PUT('.');
  INSERT INTO A3_Tree VALUES ( '000076', 'M25', 'Braeburn', 15, 47.00 ); DBMS_OUTPUT.PUT('.');
  SELECT COUNT (*) INTO r_cnt FROM A3_Tree;
  DBMS_OUTPUT.PUT_LINE('| ' || r_cnt || ' records' );
  
  DBMS_OUTPUT.PUT('  A3_Customer |');

  INSERT INTO A3_Customer VALUES ( 'C14561', 'Teague', 'Micheal', '34, Grove Mansions', 'Laywood', '03487639561', TO_DATE('23-May-2018', 'DD-Mon-YYYY')); DBMS_OUTPUT.PUT('.');
  INSERT INTO A3_Customer VALUES ( 'C38465', 'Martins', 'Rebecca', '34, Mount Drive',  'Lindon', '07256882974', TO_DATE('05-Sep-2016', 'DD-Mon-YYYY')); DBMS_OUTPUT.PUT('.');
  INSERT INTO A3_Customer VALUES ( 'C26780', 'Grace', 'Thomas', '23, High Street', 'Lindon', '06398364024',  TO_DATE('29-Jan-2020', 'DD-Mon-YYYY')); DBMS_OUTPUT.PUT('.');
  INSERT INTO A3_Customer VALUES ( 'C28927', 'Legion', 'Craig', '8, Mandela Walk', 'Southlands', '06399823840', TO_DATE('18-Apr-2019', 'DD-Mon-YYYY')); DBMS_OUTPUT.PUT('.');
  INSERT INTO A3_Customer VALUES ( 'C82453', 'Marvin', 'Leon', 'The Marches, Teal Avenue', 'Lindon', '02092319845',  TO_DATE('30-Jul-2016', 'DD-Mon-YYYY')); DBMS_OUTPUT.PUT('.');
  INSERT INTO A3_Customer VALUES ( 'C24190', 'Kumar', 'Satir', '1, Sun Terrace', 'Tramley', '08398659309',  TO_DATE('11-Nov-2014', 'DD-Mon-YYYY')); DBMS_OUTPUT.PUT('.');
  INSERT INTO A3_Customer VALUES ( 'C22518', 'Silver', 'Richard', '298, Christchurch Lane', 'Lindon', '01433628388', TO_DATE('03-Jan-2020', 'DD-Mon-YYYY')); DBMS_OUTPUT.PUT('.');
  INSERT INTO A3_Customer VALUES ( 'C34582', 'Robbins', 'Martha', '74b, Sandley Towers', 'Sandley', '09389863734', TO_DATE('08-Mar-2017', 'DD-Mon-YYYY')); DBMS_OUTPUT.PUT('.');
  INSERT INTO A3_Customer VALUES ( 'C73492', 'Maru', 'Callum', '45, Margan Drive', 'Southlands', '04439863925', TO_DATE('09-Sep-2008', 'DD-Mon-YYYY')); DBMS_OUTPUT.PUT('.');
  INSERT INTO A3_Customer VALUES ( 'C84527', 'Strettle', 'George', 'Rose Cottage, Mount Drive', 'Lindon', '03987853853', TO_DATE('03-Oct-2009', 'DD-Mon-YYYY')); DBMS_OUTPUT.PUT('.');
  INSERT INTO A3_Customer VALUES ( 'C33492', 'Lance', 'Abe', '81, Templemead', 'Sharpenley', '08095680934', TO_DATE('01-Sep-2012', 'DD-Mon-YYYY')); DBMS_OUTPUT.PUT('.');
  INSERT INTO A3_Customer VALUES ( 'C38392', 'Grace', 'Terence', '23, High Street', 'Lindon', '02393453590', TO_DATE('18-Jun-2010', 'DD-Mon-YYYY')); DBMS_OUTPUT.PUT('.');
  INSERT INTO A3_Customer VALUES ( 'C11834', 'Holmsworthy', 'Claire', '11, Brookfield', 'Tramley', '01198345284', TO_DATE('14-Apr-2011', 'DD-Mon-YYYY')); DBMS_OUTPUT.PUT('.');
  INSERT INTO A3_Customer VALUES ( 'C00236', 'Singh', 'Vital', '11, Brentway', 'Sandley', '02349856763', TO_DATE('21-May-2007', 'DD-Mon-YYYY')); DBMS_OUTPUT.PUT('.');
  INSERT INTO A3_Customer VALUES ( 'C02390', 'Neo', 'Rebecca', '2a, Carnfield', 'Masterton', '05283283285', TO_DATE('10-Oct-2018', 'DD-Mon-YYYY')); DBMS_OUTPUT.PUT('.');
  INSERT INTO A3_Customer VALUES ( 'C29811', 'Leibermann', 'Samuel', 'The Manor, Sandley Lane', 'Southlands', '09934653883', TO_DATE('31-Dec-2011', 'DD-Mon-YYYY')); DBMS_OUTPUT.PUT('.');
  INSERT INTO A3_Customer VALUES ( 'C80923', 'Fellows', 'John', '18, Whooper Way', 'Cosset', '03434298765', TO_DATE('20-Oct-2016', 'DD-Mon-YYYY')); DBMS_OUTPUT.PUT('.');
  INSERT INTO A3_Customer VALUES ( 'C12382', 'Oslovski', 'Boris', '108, High Street', 'Lindon', '05634984758', TO_DATE('06-May-2020', 'DD-Mon-YYYY')); DBMS_OUTPUT.PUT('.');                                                                                                                                                                                                                         
  INSERT INTO A3_Customer VALUES ( 'C83918', 'Tuttle', 'Ruth', '7, Clearways', 'Cosset', '04442895661', TO_DATE('17-Jan-2015', 'DD-Mon-YYYY')); DBMS_OUTPUT.PUT('.');                                                                                                                                                                                                                                
  INSERT INTO A3_Customer VALUES ( 'C39202', 'Zimmerman', 'Able', 'Flat 4, Helm House', 'Sharpenley', '09820435855', TO_DATE('28-Feb-2017', 'DD-Mon-YYYY')); DBMS_OUTPUT.PUT('.');                                                                                                                                                                                                                   
  INSERT INTO A3_Customer VALUES ( 'C10109', 'Fellows', 'Aaron', '12, Abbey Road', 'Southlands', '07675739566', TO_DATE('11-Oct-2019', 'DD-Mon-YYYY')); DBMS_OUTPUT.PUT('.');                                                                                                                                                                                                                        
  INSERT INTO A3_Customer VALUES ( 'C89942', 'Slater', 'Martin', '1, Upper Lane', 'Lyndham', '04390865872', TO_DATE('30-Dec-2014', 'DD-Mon-YYYY')); DBMS_OUTPUT.PUT('.');
  INSERT INTO A3_Customer VALUES ( 'C73847', 'Mannock', 'Harry', '79, The Beeches', 'Masterton','06739826198', TO_DATE('12-Aug-2011', 'DD-Mon-YYYY')); DBMS_OUTPUT.PUT('.');
  INSERT INTO A3_Customer VALUES ( 'C55806', 'Leeman', 'Terence', '3, Meadow View', 'Lindon','08234819820', TO_DATE('09-Jul-2013', 'DD-Mon-YYYY')); DBMS_OUTPUT.PUT('.');
  INSERT INTO A3_Customer VALUES ( 'C76431', 'Simmonds', 'Michael', '28, Highridge Way', 'Layburn','05238562020', TO_DATE('17-Apr-2017', 'DD-Mon-YYYY')); DBMS_OUTPUT.PUT('.');
  INSERT INTO A3_Customer VALUES ( 'C22224', 'Genoa', 'Carrie', '106, Ridgeway', 'Sharpenley','04676287251', TO_DATE('23-Nov-2015', 'DD-Mon-YYYY')); DBMS_OUTPUT.PUT('.');
  INSERT INTO A3_Customer VALUES ( 'C52335', 'Majors', 'Louisa', '82c, Crowsfoot Road', 'Layburn','04329185025', TO_DATE('01-Mar-2018', 'DD-Mon-YYYY')); DBMS_OUTPUT.PUT('.');
  INSERT INTO A3_Customer VALUES ( 'C23177', 'Amman', 'Said', '29, The Roost', 'Cosset','06726767529', TO_DATE('16-Sep-2010', 'DD-Mon-YYYY')); DBMS_OUTPUT.PUT('.');
  INSERT INTO A3_Customer VALUES ( 'C34673', 'Rivers', 'Jill', '4, Coningsby Close', 'Southlands','04781133264', TO_DATE('11-Oct-2019', 'DD-Mon-YYYY')); DBMS_OUTPUT.PUT('.');
  INSERT INTO A3_Customer VALUES ( 'C26453', 'Gaye', 'Anthony', '31, Priory Walk', 'Lyndham','04524584922', TO_DATE('09-May-2009', 'DD-Mon-YYYY')); DBMS_OUTPUT.PUT('.');
  INSERT INTO A3_Customer VALUES ( 'C88764', 'Southern', 'Reece', '16, Vicarage Road', 'Sandlin','05672821754', TO_DATE('17-Jun-2019', 'DD-Mon-YYYY')); DBMS_OUTPUT.PUT('.');
  INSERT INTO A3_Customer VALUES ( 'C80252', 'Wilson', 'Claire', '54, The Greenway', 'Lindon','04398271662', TO_DATE('15-Oct-2020', 'DD-Mon-YYYY')); DBMS_OUTPUT.PUT('.');
  INSERT INTO A3_Customer VALUES ( 'C49822', 'Parraman', 'Junior', '57, Harper''s Court', 'Louthham','05423313823', TO_DATE('31-Aug-2015', 'DD-Mon-YYYY')); DBMS_OUTPUT.PUT('.');
  INSERT INTO A3_Customer VALUES ( 'C54767', 'Leeman', 'Grace', '96, Nightingale Avenue', 'Layburn','03452865910', TO_DATE('17-Jan-2018', 'DD-Mon-YYYY')); DBMS_OUTPUT.PUT('.');
  INSERT INTO A3_Customer VALUES ( 'C83772', 'Malik', 'Sunil', '7, Pickard''s Rise', 'Tramley','04527867199', TO_DATE('29-Feb-2016', 'DD-Mon-YYYY')); DBMS_OUTPUT.PUT('.');
  INSERT INTO A3_Customer VALUES ( 'C88335', 'Yang', 'Lui', '32, The Vetchfield', 'Sharpenley','04652876194', TO_DATE('02-Nov-2015', 'DD-Mon-YYYY')); DBMS_OUTPUT.PUT('.');
  INSERT INTO A3_Customer VALUES ( 'C57453', 'Dixon', 'Mel', '41, Highridge Way', 'Layburn', NULL, TO_DATE('06-Jul-2009', 'DD-Mon-YYYY')); DBMS_OUTPUT.PUT('.');
  INSERT INTO A3_Customer VALUES ( 'C68654', 'Caron', 'Lia', '5, Rooks Road', 'Southlands','04518862843', TO_DATE('24-Dec-2019', 'DD-Mon-YYYY')); DBMS_OUTPUT.PUT('.');
  INSERT INTO A3_Customer VALUES ( 'C13755', 'Gilles', 'Una', '17, Swallow Close', 'Layburn','05672534927', TO_DATE('15-Mar-2019', 'DD-Mon-YYYY')); DBMS_OUTPUT.PUT('.');
  INSERT INTO A3_Customer VALUES ( 'C22675', 'Pearsson', 'Greta', '23, The Tryst', 'Lindon','02456817717', TO_DATE('13-Jul-2020', 'DD-Mon-YYYY')); DBMS_OUTPUT.PUT('.');
  INSERT INTO A3_Customer VALUES ( 'C00731', 'Masters', 'Rex', '1, Maynard''s Drive', 'Sandley','04526611721', TO_DATE('14-May-2019', 'DD-Mon-YYYY')); DBMS_OUTPUT.PUT('.');
  INSERT INTO A3_Customer VALUES ( 'C00111', 'Grey', 'Nigel', '39, Orchard Way', 'North Treban','05628759824', TO_DATE('16-Feb-2013', 'DD-Mon-YYYY')); DBMS_OUTPUT.PUT('.');
  INSERT INTO A3_Customer VALUES ( 'C56287', 'Grimes', 'Leroy', '45, Orchard Way', 'North Treban','04355253951', TO_DATE('20-Jun-2017', 'DD-Mon-YYYY')); DBMS_OUTPUT.PUT('.');
  INSERT INTO A3_Customer VALUES ( 'C78452', 'Roberts', 'Talia', '16, Mount Vernon Heights', 'Louthham','05278182846', TO_DATE('23-Mar-2011', 'DD-Mon-YYYY')); DBMS_OUTPUT.PUT('.');
  INSERT INTO A3_Customer VALUES ( 'C65893', 'Rivers', 'Mona', '6, Hexagon Road', 'South Treban','04359892716', TO_DATE('12-Feb-2015', 'DD-Mon-YYYY')); DBMS_OUTPUT.PUT('.');
  INSERT INTO A3_Customer VALUES ( 'C39526', 'Lewis', 'Ian', '10b, Simmonds View', 'Bycester', '06458222198', TO_DATE('18-Sep-2020', 'DD-Mon-YYYY')); DBMS_OUTPUT.PUT('.');
  INSERT INTO A3_Customer VALUES ( 'C77862', 'Patel', 'Lily', '67, The Sidings', 'Louthham','04632873354', TO_DATE('19-Sep-2017', 'DD-Mon-YYYY')); DBMS_OUTPUT.PUT('.');
  INSERT INTO A3_Customer VALUES ( 'C62223', 'Maynard', 'Claire', 'White Mansion, Lovers Lane', 'Makerfield','04333873272', TO_DATE('10-May-2012', 'DD-Mon-YYYY')); DBMS_OUTPUT.PUT('.');
  INSERT INTO A3_Customer VALUES ( 'C46149', 'Kennedy', 'Graeme', '87, Needle Street', 'Lindon','05452374187', TO_DATE('19-Jun-2020', 'DD-Mon-YYYY')); DBMS_OUTPUT.PUT('.');
  INSERT INTO A3_Customer VALUES ( 'C85398', 'Sunnyside', 'Grace', '11, Willow Road', 'Cornlee','04673982107', TO_DATE('16-May-2015', 'DD-Mon-YYYY')); DBMS_OUTPUT.PUT('.');
  INSERT INTO A3_Customer VALUES ( 'C55816', 'Maise', 'Larry', '99, Balloon Crescent', 'Southlands','05276232971', TO_DATE('17-Dec-2010', 'DD-Mon-YYYY')); DBMS_OUTPUT.PUT('.');
  INSERT INTO A3_Customer VALUES ( 'C67076', 'Cleb', 'Monty', '121, Seaview', 'Lindon','04439264756', TO_DATE('05-Mar-2011', 'DD-Mon-YYYY')); DBMS_OUTPUT.PUT('.');
  INSERT INTO A3_Customer VALUES ( 'C21838', 'Slade', 'Gordon', '13b, Carnfield', 'Masterton','04545292773', TO_DATE('16-Nov-2017', 'DD-Mon-YYYY')); DBMS_OUTPUT.PUT('.');
  INSERT INTO A3_Customer VALUES ( 'C33791', 'Reason', 'Kelly', '78, Heron Road', 'Layburn','03545620302', TO_DATE('09-Jun-2015', 'DD-Mon-YYYY')); DBMS_OUTPUT.PUT('.');
  INSERT INTO A3_Customer VALUES ( 'C00023', 'Merrick', 'Sally', '9, Spring Road', 'Cornlee','06295426743', TO_DATE('08-Jun-2013', 'DD-Mon-YYYY')); DBMS_OUTPUT.PUT('.');
  INSERT INTO A3_Customer VALUES ( 'C53986', 'Mann', 'Harry', '87, Kilmarnock Road', 'Makerfield','06462347295', TO_DATE('16-May-2015', 'DD-Mon-YYYY')); DBMS_OUTPUT.PUT('.');
  INSERT INTO A3_Customer VALUES ( 'C41252', 'Partman', 'Clive', '2, The Guidings', 'Bycester', NULL, TO_DATE('27-Apr-2019', 'DD-Mon-YYYY')); DBMS_OUTPUT.PUT('.');
  INSERT INTO A3_Customer VALUES ( 'C56712', 'Colleridge', 'Mary', '20, Main Street', 'Louthham','05298335718', TO_DATE('30-Sep-2016', 'DD-Mon-YYYY')); DBMS_OUTPUT.PUT('.');
  INSERT INTO A3_Customer VALUES ( 'C89358', 'Glade', 'James', '16, Coopers Meadow', 'South Treban','03639827716', TO_DATE('23-Apr-2013', 'DD-Mon-YYYY')); DBMS_OUTPUT.PUT('.');
  INSERT INTO A3_Customer VALUES ( 'C61285', 'Rusman', 'Clyde', '10, Brownlee Grange', 'Sandley','05382811759', TO_DATE('29-Jan-2016', 'DD-Mon-YYYY')); DBMS_OUTPUT.PUT('.');
  INSERT INTO A3_Customer VALUES ( 'C21802', 'Preece', 'Jonathon', '37, Willow Road', 'Cornlee','05276631836', TO_DATE('04-Mar-2019', 'DD-Mon-YYYY')); DBMS_OUTPUT.PUT('.');
  INSERT INTO A3_Customer VALUES ( 'C87960', 'Coogan', 'Mitchell', '45, Whooper Way', 'Cosset','05288163424', TO_DATE('20-Aug-2013', 'DD-Mon-YYYY')); DBMS_OUTPUT.PUT('.');
  INSERT INTO A3_Customer VALUES ( 'C88987', 'Kowalski', 'Donna', '11, Legion Crescent', 'Lyndham','04637824474', TO_DATE('06-Jun-2016', 'DD-Mon-YYYY')); DBMS_OUTPUT.PUT('.');
  SELECT COUNT (*) INTO r_cnt FROM A3_Customer;
  DBMS_OUTPUT.PUT_LINE('| ' || r_cnt || ' records' );

  DBMS_OUTPUT.PUT('  A3_Batch |');

  INSERT INTO A3_Batch VALUES ( '000001', TO_DATE('07-Mar-2019', 'DD-Mon-YYYY'), 7); DBMS_OUTPUT.PUT('.');
  INSERT INTO A3_Batch VALUES ( '000001', TO_DATE('09-Mar-2020', 'DD-Mon-YYYY'), 12); DBMS_OUTPUT.PUT('.');
  INSERT INTO A3_Batch VALUES ( '000002', TO_DATE('15-Mar-2018', 'DD-Mon-YYYY'), 11); DBMS_OUTPUT.PUT('.');
  INSERT INTO A3_Batch VALUES ( '000002', TO_DATE('14-Mar-2020', 'DD-Mon-YYYY'), 8); DBMS_OUTPUT.PUT('.');
  INSERT INTO A3_Batch VALUES ( '000003', TO_DATE('13-Apr-2017', 'DD-Mon-YYYY'), 6); DBMS_OUTPUT.PUT('.');
  INSERT INTO A3_Batch VALUES ( '000003', TO_DATE('10-Apr-2019', 'DD-Mon-YYYY'), 8); DBMS_OUTPUT.PUT('.');
  INSERT INTO A3_Batch VALUES ( '000004', TO_DATE('02-Apr-2019', 'DD-Mon-YYYY'), 10); DBMS_OUTPUT.PUT('.');
  INSERT INTO A3_Batch VALUES ( '000006', TO_DATE('30-Mar-2017', 'DD-Mon-YYYY'), 6); DBMS_OUTPUT.PUT('.');
  INSERT INTO A3_Batch VALUES ( '000006', TO_DATE('26-Mar-2018', 'DD-Mon-YYYY'), 13); DBMS_OUTPUT.PUT('.');
  INSERT INTO A3_Batch VALUES ( '000006', TO_DATE('22-Mar-2019', 'DD-Mon-YYYY'), 21); DBMS_OUTPUT.PUT('.');
  INSERT INTO A3_Batch VALUES ( '000007', TO_DATE('22-Mar-2017', 'DD-Mon-YYYY'), 6); DBMS_OUTPUT.PUT('.');
  INSERT INTO A3_Batch VALUES ( '000007', TO_DATE('21-Mar-2018', 'DD-Mon-YYYY'), 11); DBMS_OUTPUT.PUT('.');
  INSERT INTO A3_Batch VALUES ( '000007', TO_DATE('21-Mar-2019', 'DD-Mon-YYYY'), 18); DBMS_OUTPUT.PUT('.');
  INSERT INTO A3_Batch VALUES ( '000008', TO_DATE('21-Mar-2020', 'DD-Mon-YYYY'), 22); DBMS_OUTPUT.PUT('.');
  INSERT INTO A3_Batch VALUES ( '000009', TO_DATE('15-Mar-2018', 'DD-Mon-YYYY'), 14); DBMS_OUTPUT.PUT('.');
  INSERT INTO A3_Batch VALUES ( '000009', TO_DATE('17-Mar-2019', 'DD-Mon-YYYY'), 14); DBMS_OUTPUT.PUT('.');
  INSERT INTO A3_Batch VALUES ( '000009', TO_DATE('16-Mar-2020', 'DD-Mon-YYYY'), 26); DBMS_OUTPUT.PUT('.');
  INSERT INTO A3_Batch VALUES ( '000010', TO_DATE('03-Apr-2019', 'DD-Mon-YYYY'), 11); DBMS_OUTPUT.PUT('.');
  INSERT INTO A3_Batch VALUES ( '000010', TO_DATE('05-Apr-2020', 'DD-Mon-YYYY'), 28); DBMS_OUTPUT.PUT('.');
  INSERT INTO A3_Batch VALUES ( '000011', TO_DATE('07-Apr-2018', 'DD-Mon-YYYY'), 6); DBMS_OUTPUT.PUT('.');
  INSERT INTO A3_Batch VALUES ( '000011', TO_DATE('03-Apr-2020', 'DD-Mon-YYYY'), 13); DBMS_OUTPUT.PUT('.');
  INSERT INTO A3_Batch VALUES ( '000011', TO_DATE('05-Apr-2020', 'DD-Mon-YYYY'), 25); DBMS_OUTPUT.PUT('.');
  INSERT INTO A3_Batch VALUES ( '000012', TO_DATE('07-Apr-2018', 'DD-Mon-YYYY'), 11); DBMS_OUTPUT.PUT('.');
  INSERT INTO A3_Batch VALUES ( '000012', TO_DATE('03-Apr-2020', 'DD-Mon-YYYY'), 19); DBMS_OUTPUT.PUT('.');
  INSERT INTO A3_Batch VALUES ( '000013', TO_DATE('11-Mar-2017', 'DD-Mon-YYYY'), 7); DBMS_OUTPUT.PUT('.');
  INSERT INTO A3_Batch VALUES ( '000013', TO_DATE('16-Mar-2018', 'DD-Mon-YYYY'), 5); DBMS_OUTPUT.PUT('.');
  INSERT INTO A3_Batch VALUES ( '000013', TO_DATE('15-Mar-2020', 'DD-Mon-YYYY'), 22); DBMS_OUTPUT.PUT('.');
  INSERT INTO A3_Batch VALUES ( '000014', TO_DATE('15-Mar-2018', 'DD-Mon-YYYY'), 6); DBMS_OUTPUT.PUT('.');
  INSERT INTO A3_Batch VALUES ( '000014', TO_DATE('16-Mar-2019', 'DD-Mon-YYYY'), 12); DBMS_OUTPUT.PUT('.');
  INSERT INTO A3_Batch VALUES ( '000014', TO_DATE('15-Mar-2020', 'DD-Mon-YYYY'), 28); DBMS_OUTPUT.PUT('.');
  INSERT INTO A3_Batch VALUES ( '000015', TO_DATE('03-Apr-2019', 'DD-Mon-YYYY'), 14); DBMS_OUTPUT.PUT('.');
  INSERT INTO A3_Batch VALUES ( '000016', TO_DATE('12-Apr-2018', 'DD-Mon-YYYY'), 10); DBMS_OUTPUT.PUT('.');
  INSERT INTO A3_Batch VALUES ( '000017', TO_DATE('07-Apr-2018', 'DD-Mon-YYYY'), 3); DBMS_OUTPUT.PUT('.');
  INSERT INTO A3_Batch VALUES ( '000017', TO_DATE('10-Apr-2020', 'DD-Mon-YYYY'), 12); DBMS_OUTPUT.PUT('.');
  INSERT INTO A3_Batch VALUES ( '000018', TO_DATE('05-Apr-2019', 'DD-Mon-YYYY'), 6); DBMS_OUTPUT.PUT('.');
  INSERT INTO A3_Batch VALUES ( '000018', TO_DATE('10-Apr-2020', 'DD-Mon-YYYY'), 11); DBMS_OUTPUT.PUT('.');
  INSERT INTO A3_Batch VALUES ( '000019', TO_DATE('05-Apr-2019', 'DD-Mon-YYYY'), 2); DBMS_OUTPUT.PUT('.');
  INSERT INTO A3_Batch VALUES ( '000020', TO_DATE('05-Apr-2018', 'DD-Mon-YYYY'), 3); DBMS_OUTPUT.PUT('.');
  INSERT INTO A3_Batch VALUES ( '000020', TO_DATE('07-Apr-2018', 'DD-Mon-YYYY'), 10); DBMS_OUTPUT.PUT('.');
  INSERT INTO A3_Batch VALUES ( '000020', TO_DATE('05-Apr-2019', 'DD-Mon-YYYY'), 10); DBMS_OUTPUT.PUT('.');
  INSERT INTO A3_Batch VALUES ( '000020', TO_DATE('10-Apr-2020', 'DD-Mon-YYYY'), 13); DBMS_OUTPUT.PUT('.');
  INSERT INTO A3_Batch VALUES ( '000021', TO_DATE('21-Mar-2018', 'DD-Mon-YYYY'), 6); DBMS_OUTPUT.PUT('.');
  INSERT INTO A3_Batch VALUES ( '000022', TO_DATE('09-Mar-2019', 'DD-Mon-YYYY'), 7); DBMS_OUTPUT.PUT('.');
  INSERT INTO A3_Batch VALUES ( '000022', TO_DATE('10-Mar-2020', 'DD-Mon-YYYY'), 7); DBMS_OUTPUT.PUT('.');
  INSERT INTO A3_Batch VALUES ( '000023', TO_DATE('09-Mar-2019', 'DD-Mon-YYYY'), 12); DBMS_OUTPUT.PUT('.');
  INSERT INTO A3_Batch VALUES ( '000023', TO_DATE('10-Mar-2020', 'DD-Mon-YYYY'), 14); DBMS_OUTPUT.PUT('.');
  INSERT INTO A3_Batch VALUES ( '000025', TO_DATE('25-Mar-2019', 'DD-Mon-YYYY'), 12); DBMS_OUTPUT.PUT('.');
  INSERT INTO A3_Batch VALUES ( '000026', TO_DATE('31-Mar-2018', 'DD-Mon-YYYY'), 18); DBMS_OUTPUT.PUT('.');
  INSERT INTO A3_Batch VALUES ( '000026', TO_DATE('03-Apr-2019', 'DD-Mon-YYYY'), 17); DBMS_OUTPUT.PUT('.');
  INSERT INTO A3_Batch VALUES ( '000026', TO_DATE('02-Apr-2020', 'DD-Mon-YYYY'), 10); DBMS_OUTPUT.PUT('.');
  INSERT INTO A3_Batch VALUES ( '000027', TO_DATE('31-Mar-2018', 'DD-Mon-YYYY'), 21); DBMS_OUTPUT.PUT('.');
  INSERT INTO A3_Batch VALUES ( '000027', TO_DATE('04-Apr-2019', 'DD-Mon-YYYY'), 18); DBMS_OUTPUT.PUT('.');
  INSERT INTO A3_Batch VALUES ( '000027', TO_DATE('02-Apr-2020', 'DD-Mon-YYYY'), 14); DBMS_OUTPUT.PUT('.');
  INSERT INTO A3_Batch VALUES ( '000028', TO_DATE('14-Apr-2020', 'DD-Mon-YYYY'), 8); DBMS_OUTPUT.PUT('.');
  INSERT INTO A3_Batch VALUES ( '000029', TO_DATE('14-Apr-2020', 'DD-Mon-YYYY'), 10); DBMS_OUTPUT.PUT('.');
  INSERT INTO A3_Batch VALUES ( '000030', TO_DATE('29-Mar-2018', 'DD-Mon-YYYY'), 9); DBMS_OUTPUT.PUT('.');
  INSERT INTO A3_Batch VALUES ( '000030', TO_DATE('24-Mar-2020', 'DD-Mon-YYYY'), 11); DBMS_OUTPUT.PUT('.');
  INSERT INTO A3_Batch VALUES ( '000031', TO_DATE('27-Mar-2019', 'DD-Mon-YYYY'), 7); DBMS_OUTPUT.PUT('.');
  INSERT INTO A3_Batch VALUES ( '000031', TO_DATE('24-Mar-2020', 'DD-Mon-YYYY'), 8); DBMS_OUTPUT.PUT('.');
  INSERT INTO A3_Batch VALUES ( '000032', TO_DATE('29-Mar-2018', 'DD-Mon-YYYY'), 11); DBMS_OUTPUT.PUT('.');
  INSERT INTO A3_Batch VALUES ( '000032', TO_DATE('24-Mar-2020', 'DD-Mon-YYYY'), 16); DBMS_OUTPUT.PUT('.');
  INSERT INTO A3_Batch VALUES ( '000033', TO_DATE('17-Mar-2018', 'DD-Mon-YYYY'), 4); DBMS_OUTPUT.PUT('.');
  INSERT INTO A3_Batch VALUES ( '000033', TO_DATE('15-Mar-2019', 'DD-Mon-YYYY'), 4); DBMS_OUTPUT.PUT('.');
  INSERT INTO A3_Batch VALUES ( '000033', TO_DATE('15-Mar-2020', 'DD-Mon-YYYY'), 5); DBMS_OUTPUT.PUT('.');
  INSERT INTO A3_Batch VALUES ( '000034', TO_DATE('18-Mar-2018', 'DD-Mon-YYYY'), 21); DBMS_OUTPUT.PUT('.');
  INSERT INTO A3_Batch VALUES ( '000034', TO_DATE('17-Mar-2019', 'DD-Mon-YYYY'), 25); DBMS_OUTPUT.PUT('.');
  INSERT INTO A3_Batch VALUES ( '000034', TO_DATE('16-Mar-2020', 'DD-Mon-YYYY'), 33); DBMS_OUTPUT.PUT('.');
  INSERT INTO A3_Batch VALUES ( '000035', TO_DATE('18-Mar-2018', 'DD-Mon-YYYY'), 11); DBMS_OUTPUT.PUT('.');
  INSERT INTO A3_Batch VALUES ( '000035', TO_DATE('17-Mar-2019', 'DD-Mon-YYYY'), 14); DBMS_OUTPUT.PUT('.');
  INSERT INTO A3_Batch VALUES ( '000035', TO_DATE('16-Mar-2020', 'DD-Mon-YYYY'), 20); DBMS_OUTPUT.PUT('.');
  INSERT INTO A3_Batch VALUES ( '000036', TO_DATE('07-Apr-2018', 'DD-Mon-YYYY'), 12); DBMS_OUTPUT.PUT('.');
  INSERT INTO A3_Batch VALUES ( '000036', TO_DATE('05-Apr-2019', 'DD-Mon-YYYY'), 15); DBMS_OUTPUT.PUT('.');
  INSERT INTO A3_Batch VALUES ( '000036', TO_DATE('10-Apr-2020', 'DD-Mon-YYYY'), 18); DBMS_OUTPUT.PUT('.');
  INSERT INTO A3_Batch VALUES ( '000037', TO_DATE('15-Apr-2018', 'DD-Mon-YYYY'), 23); DBMS_OUTPUT.PUT('.');
  INSERT INTO A3_Batch VALUES ( '000037', TO_DATE('13-Apr-2019', 'DD-Mon-YYYY'), 21); DBMS_OUTPUT.PUT('.');
  INSERT INTO A3_Batch VALUES ( '000037', TO_DATE('16-Apr-2020', 'DD-Mon-YYYY'), 35); DBMS_OUTPUT.PUT('.');
  INSERT INTO A3_Batch VALUES ( '000038', TO_DATE('16-Apr-2018', 'DD-Mon-YYYY'), 17); DBMS_OUTPUT.PUT('.');
  INSERT INTO A3_Batch VALUES ( '000038', TO_DATE('13-Apr-2019', 'DD-Mon-YYYY'), 23); DBMS_OUTPUT.PUT('.');
  INSERT INTO A3_Batch VALUES ( '000038', TO_DATE('15-Apr-2020', 'DD-Mon-YYYY'), 10); DBMS_OUTPUT.PUT('.');
  INSERT INTO A3_Batch VALUES ( '000039', TO_DATE('01-Apr-2018', 'DD-Mon-YYYY'), 14); DBMS_OUTPUT.PUT('.');
  INSERT INTO A3_Batch VALUES ( '000040', TO_DATE('29-Mar-2019', 'DD-Mon-YYYY'), 7); DBMS_OUTPUT.PUT('.');
  INSERT INTO A3_Batch VALUES ( '000040', TO_DATE('24-Mar-2020', 'DD-Mon-YYYY'), 15); DBMS_OUTPUT.PUT('.');
  INSERT INTO A3_Batch VALUES ( '000041', TO_DATE('29-Mar-2018', 'DD-Mon-YYYY'), 8); DBMS_OUTPUT.PUT('.');
  INSERT INTO A3_Batch VALUES ( '000041', TO_DATE('24-Mar-2020', 'DD-Mon-YYYY'), 12); DBMS_OUTPUT.PUT('.');
  INSERT INTO A3_Batch VALUES ( '000042', TO_DATE('29-Mar-2018', 'DD-Mon-YYYY'), 11); DBMS_OUTPUT.PUT('.');
  INSERT INTO A3_Batch VALUES ( '000042', TO_DATE('25-Mar-2020', 'DD-Mon-YYYY'), 17); DBMS_OUTPUT.PUT('.');
  INSERT INTO A3_Batch VALUES ( '000043', TO_DATE('03-Apr-2018', 'DD-Mon-YYYY'), 12); DBMS_OUTPUT.PUT('.');
  INSERT INTO A3_Batch VALUES ( '000043', TO_DATE('13-Apr-2019', 'DD-Mon-YYYY'), 16); DBMS_OUTPUT.PUT('.');
  INSERT INTO A3_Batch VALUES ( '000043', TO_DATE('16-Apr-2020', 'DD-Mon-YYYY'), 12); DBMS_OUTPUT.PUT('.');
  INSERT INTO A3_Batch VALUES ( '000044', TO_DATE('04-Apr-2018', 'DD-Mon-YYYY'), 7); DBMS_OUTPUT.PUT('.');
  INSERT INTO A3_Batch VALUES ( '000044', TO_DATE('13-Apr-2019', 'DD-Mon-YYYY'), 8); DBMS_OUTPUT.PUT('.');
  INSERT INTO A3_Batch VALUES ( '000044', TO_DATE('16-Apr-2020', 'DD-Mon-YYYY'), 4); DBMS_OUTPUT.PUT('.');
  INSERT INTO A3_Batch VALUES ( '000045', TO_DATE('03-Apr-2018', 'DD-Mon-YYYY'), 6); DBMS_OUTPUT.PUT('.');
  INSERT INTO A3_Batch VALUES ( '000045', TO_DATE('13-Apr-2019', 'DD-Mon-YYYY'), 13); DBMS_OUTPUT.PUT('.');
  INSERT INTO A3_Batch VALUES ( '000045', TO_DATE('16-Apr-2020', 'DD-Mon-YYYY'), 11); DBMS_OUTPUT.PUT('.');
  INSERT INTO A3_Batch VALUES ( '000046', TO_DATE('04-Apr-2018', 'DD-Mon-YYYY'), 17); DBMS_OUTPUT.PUT('.');
  INSERT INTO A3_Batch VALUES ( '000046', TO_DATE('13-Apr-2019', 'DD-Mon-YYYY'), 5); DBMS_OUTPUT.PUT('.');
  INSERT INTO A3_Batch VALUES ( '000046', TO_DATE('16-Apr-2020', 'DD-Mon-YYYY'), 5); DBMS_OUTPUT.PUT('.');
  INSERT INTO A3_Batch VALUES ( '000047', TO_DATE('15-Apr-2018', 'DD-Mon-YYYY'), 13); DBMS_OUTPUT.PUT('.');
  INSERT INTO A3_Batch VALUES ( '000047', TO_DATE('13-Apr-2019', 'DD-Mon-YYYY'), 13); DBMS_OUTPUT.PUT('.');
  INSERT INTO A3_Batch VALUES ( '000047', TO_DATE('16-Apr-2020', 'DD-Mon-YYYY'), 13); DBMS_OUTPUT.PUT('.');
  INSERT INTO A3_Batch VALUES ( '000048', TO_DATE('15-Apr-2018', 'DD-Mon-YYYY'), 14); DBMS_OUTPUT.PUT('.');
  INSERT INTO A3_Batch VALUES ( '000048', TO_DATE('13-Apr-2019', 'DD-Mon-YYYY'), 9); DBMS_OUTPUT.PUT('.');
  INSERT INTO A3_Batch VALUES ( '000048', TO_DATE('16-Apr-2020', 'DD-Mon-YYYY'), 10); DBMS_OUTPUT.PUT('.');
  INSERT INTO A3_Batch VALUES ( '000050', TO_DATE('20-Apr-2019', 'DD-Mon-YYYY'), 6); DBMS_OUTPUT.PUT('.');
  INSERT INTO A3_Batch VALUES ( '000050', TO_DATE('16-Apr-2020', 'DD-Mon-YYYY'), 9); DBMS_OUTPUT.PUT('.');
  INSERT INTO A3_Batch VALUES ( '000052', TO_DATE('21-Mar-2018', 'DD-Mon-YYYY'), 14); DBMS_OUTPUT.PUT('.');
  INSERT INTO A3_Batch VALUES ( '000052', TO_DATE('19-Mar-2019', 'DD-Mon-YYYY'), 17); DBMS_OUTPUT.PUT('.');
  INSERT INTO A3_Batch VALUES ( '000052', TO_DATE('20-Mar-2020', 'DD-Mon-YYYY'), 22); DBMS_OUTPUT.PUT('.');
  INSERT INTO A3_Batch VALUES ( '000053', TO_DATE('21-Mar-2018', 'DD-Mon-YYYY'), 12); DBMS_OUTPUT.PUT('.');
  INSERT INTO A3_Batch VALUES ( '000053', TO_DATE('18-Mar-2019', 'DD-Mon-YYYY'), 12); DBMS_OUTPUT.PUT('.');
  INSERT INTO A3_Batch VALUES ( '000053', TO_DATE('19-Mar-2020', 'DD-Mon-YYYY'), 18); DBMS_OUTPUT.PUT('.');
  INSERT INTO A3_Batch VALUES ( '000054', TO_DATE('21-Mar-2018', 'DD-Mon-YYYY'), 9); DBMS_OUTPUT.PUT('.');
  INSERT INTO A3_Batch VALUES ( '000054', TO_DATE('18-Mar-2019', 'DD-Mon-YYYY'), 9); DBMS_OUTPUT.PUT('.');
  INSERT INTO A3_Batch VALUES ( '000054', TO_DATE('19-Mar-2020', 'DD-Mon-YYYY'), 13); DBMS_OUTPUT.PUT('.');
  INSERT INTO A3_Batch VALUES ( '000055', TO_DATE('22-Mar-2018', 'DD-Mon-YYYY'), 15); DBMS_OUTPUT.PUT('.');
  INSERT INTO A3_Batch VALUES ( '000055', TO_DATE('19-Mar-2019', 'DD-Mon-YYYY'), 23); DBMS_OUTPUT.PUT('.');
  INSERT INTO A3_Batch VALUES ( '000055', TO_DATE('19-Mar-2020', 'DD-Mon-YYYY'), 28); DBMS_OUTPUT.PUT('.');
  INSERT INTO A3_Batch VALUES ( '000056', TO_DATE('22-Mar-2018', 'DD-Mon-YYYY'), 5); DBMS_OUTPUT.PUT('.');
  INSERT INTO A3_Batch VALUES ( '000056', TO_DATE('19-Mar-2019', 'DD-Mon-YYYY'), 9); DBMS_OUTPUT.PUT('.');
  INSERT INTO A3_Batch VALUES ( '000056', TO_DATE('19-Mar-2020', 'DD-Mon-YYYY'), 17); DBMS_OUTPUT.PUT('.');
  INSERT INTO A3_Batch VALUES ( '000057', TO_DATE('22-Mar-2018', 'DD-Mon-YYYY'), 7); DBMS_OUTPUT.PUT('.');
  INSERT INTO A3_Batch VALUES ( '000057', TO_DATE('19-Mar-2019', 'DD-Mon-YYYY'), 22); DBMS_OUTPUT.PUT('.');
  INSERT INTO A3_Batch VALUES ( '000057', TO_DATE('20-Mar-2020', 'DD-Mon-YYYY'), 21); DBMS_OUTPUT.PUT('.');
  INSERT INTO A3_Batch VALUES ( '000058', TO_DATE('09-Mar-2019', 'DD-Mon-YYYY'), 10); DBMS_OUTPUT.PUT('.');
  INSERT INTO A3_Batch VALUES ( '000059', TO_DATE('09-Mar-2019', 'DD-Mon-YYYY'), 12); DBMS_OUTPUT.PUT('.');
  INSERT INTO A3_Batch VALUES ( '000060', TO_DATE('21-Mar-2018', 'DD-Mon-YYYY'), 8); DBMS_OUTPUT.PUT('.');
  INSERT INTO A3_Batch VALUES ( '000060', TO_DATE('20-Mar-2019', 'DD-Mon-YYYY'), 12); DBMS_OUTPUT.PUT('.');
  INSERT INTO A3_Batch VALUES ( '000060', TO_DATE('16-Mar-2020', 'DD-Mon-YYYY'), 16); DBMS_OUTPUT.PUT('.');
  INSERT INTO A3_Batch VALUES ( '000061', TO_DATE('21-Mar-2018', 'DD-Mon-YYYY'), 10); DBMS_OUTPUT.PUT('.');
  INSERT INTO A3_Batch VALUES ( '000061', TO_DATE('19-Mar-2019', 'DD-Mon-YYYY'), 13); DBMS_OUTPUT.PUT('.');
  INSERT INTO A3_Batch VALUES ( '000061', TO_DATE('17-Mar-2020', 'DD-Mon-YYYY'), 18); DBMS_OUTPUT.PUT('.');
  INSERT INTO A3_Batch VALUES ( '000062', TO_DATE('21-Mar-2018', 'DD-Mon-YYYY'), 8); DBMS_OUTPUT.PUT('.');
  INSERT INTO A3_Batch VALUES ( '000062', TO_DATE('20-Mar-2019', 'DD-Mon-YYYY'), 14); DBMS_OUTPUT.PUT('.');
  INSERT INTO A3_Batch VALUES ( '000062', TO_DATE('17-Mar-2020', 'DD-Mon-YYYY'), 20); DBMS_OUTPUT.PUT('.');
  INSERT INTO A3_Batch VALUES ( '000063', TO_DATE('08-Mar-2020', 'DD-Mon-YYYY'), 9); DBMS_OUTPUT.PUT('.');
  INSERT INTO A3_Batch VALUES ( '000064', TO_DATE('08-Mar-2020', 'DD-Mon-YYYY'), 14); DBMS_OUTPUT.PUT('.');
  INSERT INTO A3_Batch VALUES ( '000065', TO_DATE('08-Mar-2020', 'DD-Mon-YYYY'), 3); DBMS_OUTPUT.PUT('.');
  INSERT INTO A3_Batch VALUES ( '000066', TO_DATE('08-Mar-2020', 'DD-Mon-YYYY'), 12); DBMS_OUTPUT.PUT('.');
  INSERT INTO A3_Batch VALUES ( '000067', TO_DATE('29-Mar-2018', 'DD-Mon-YYYY'), 11); DBMS_OUTPUT.PUT('.');
  INSERT INTO A3_Batch VALUES ( '000067', TO_DATE('29-Mar-2019', 'DD-Mon-YYYY'), 15); DBMS_OUTPUT.PUT('.');
  INSERT INTO A3_Batch VALUES ( '000067', TO_DATE('01-Apr-2020', 'DD-Mon-YYYY'), 10); DBMS_OUTPUT.PUT('.');
  INSERT INTO A3_Batch VALUES ( '000068', TO_DATE('28-Mar-2018', 'DD-Mon-YYYY'), 16); DBMS_OUTPUT.PUT('.');
  INSERT INTO A3_Batch VALUES ( '000068', TO_DATE('29-Mar-2019', 'DD-Mon-YYYY'), 19); DBMS_OUTPUT.PUT('.');
  INSERT INTO A3_Batch VALUES ( '000068', TO_DATE('30-Mar-2020', 'DD-Mon-YYYY'), 22); DBMS_OUTPUT.PUT('.');
  INSERT INTO A3_Batch VALUES ( '000069', TO_DATE('13-Apr-2019', 'DD-Mon-YYYY'), 10); DBMS_OUTPUT.PUT('.');
  INSERT INTO A3_Batch VALUES ( '000070', TO_DATE('12-Apr-2020', 'DD-Mon-YYYY'), 13); DBMS_OUTPUT.PUT('.');
  INSERT INTO A3_Batch VALUES ( '000071', TO_DATE('03-Apr-2019', 'DD-Mon-YYYY'), 8); DBMS_OUTPUT.PUT('.');
  INSERT INTO A3_Batch VALUES ( '000072', TO_DATE('13-Apr-2019', 'DD-Mon-YYYY'), 13); DBMS_OUTPUT.PUT('.');
  INSERT INTO A3_Batch VALUES ( '000072', TO_DATE('16-Apr-2020', 'DD-Mon-YYYY'), 21); DBMS_OUTPUT.PUT('.');
  INSERT INTO A3_Batch VALUES ( '000073', TO_DATE('14-Apr-2019', 'DD-Mon-YYYY'), 10); DBMS_OUTPUT.PUT('.');
  INSERT INTO A3_Batch VALUES ( '000073', TO_DATE('15-Apr-2020', 'DD-Mon-YYYY'), 14); DBMS_OUTPUT.PUT('.');
  INSERT INTO A3_Batch VALUES ( '000074', TO_DATE('07-Apr-2018', 'DD-Mon-YYYY'), 8); DBMS_OUTPUT.PUT('.');
  INSERT INTO A3_Batch VALUES ( '000074', TO_DATE('03-Apr-2020', 'DD-Mon-YYYY'), 11); DBMS_OUTPUT.PUT('.');
  INSERT INTO A3_Batch VALUES ( '000076', TO_DATE('23-Mar-2017', 'DD-Mon-YYYY'), 2); DBMS_OUTPUT.PUT('.');
  INSERT INTO A3_Batch VALUES ( '000076', TO_DATE('23-Mar-2018', 'DD-Mon-YYYY'), 9); DBMS_OUTPUT.PUT('.');
  INSERT INTO A3_Batch VALUES ( '000076', TO_DATE('22-Mar-2020', 'DD-Mon-YYYY'), 31); DBMS_OUTPUT.PUT('.');
  SELECT COUNT (*) INTO r_cnt FROM A3_Batch;
  DBMS_OUTPUT.PUT_LINE('| ' || r_cnt || ' records' );

  DBMS_OUTPUT.PUT('  A3_Order_Form |');

  INSERT INTO A3_Order_Form VALUES ( 'C28927', '00000001', TO_DATE('08-Dec-2019', 'DD-Mon-YYYY'));  DBMS_OUTPUT.PUT('.');
  INSERT INTO A3_Order_Form VALUES ( 'C38392', '00000002', TO_DATE('27-Jan-2020', 'DD-Mon-YYYY'));  DBMS_OUTPUT.PUT('.');
  INSERT INTO A3_Order_Form VALUES ( 'C80252', '00000003', TO_DATE('27-Jan-2020', 'DD-Mon-YYYY'));  DBMS_OUTPUT.PUT('.');
  INSERT INTO A3_Order_Form VALUES ( 'C00236', '00000004', TO_DATE('17-Nov-2019', 'DD-Mon-YYYY'));  DBMS_OUTPUT.PUT('.');
  INSERT INTO A3_Order_Form VALUES ( 'C85398', '00000005', TO_DATE('27-Jan-2020', 'DD-Mon-YYYY'));  DBMS_OUTPUT.PUT('.');
  INSERT INTO A3_Order_Form VALUES ( 'C02390', '00000006', TO_DATE('08-Nov-2019', 'DD-Mon-YYYY'));  DBMS_OUTPUT.PUT('.');
  INSERT INTO A3_Order_Form VALUES ( 'C34582', '00000007', TO_DATE('30-Oct-2019', 'DD-Mon-YYYY'));  DBMS_OUTPUT.PUT('.');
  INSERT INTO A3_Order_Form VALUES ( 'C00111', '00000008', TO_DATE('13-Mar-2020', 'DD-Mon-YYYY'));  DBMS_OUTPUT.PUT('.');
  INSERT INTO A3_Order_Form VALUES ( 'C61285', '00000009', TO_DATE('13-Mar-2020', 'DD-Mon-YYYY'));  DBMS_OUTPUT.PUT('.');
  INSERT INTO A3_Order_Form VALUES ( 'C14561', '00000010', TO_DATE('13-Mar-2020', 'DD-Mon-YYYY'));  DBMS_OUTPUT.PUT('.');
  INSERT INTO A3_Order_Form VALUES ( 'C41252', '00000011', TO_DATE('13-Mar-2020', 'DD-Mon-YYYY'));  DBMS_OUTPUT.PUT('.');
  INSERT INTO A3_Order_Form VALUES ( 'C14561', '00000012', TO_DATE('11-Nov-2019', 'DD-Mon-YYYY'));  DBMS_OUTPUT.PUT('.');
  INSERT INTO A3_Order_Form VALUES ( 'C73492', '00000013', TO_DATE('25-Mar-2020', 'DD-Mon-YYYY'));  DBMS_OUTPUT.PUT('.');
  INSERT INTO A3_Order_Form VALUES ( 'C00731', '00000014', TO_DATE('02-Jan-2020', 'DD-Mon-YYYY'));  DBMS_OUTPUT.PUT('.');
  INSERT INTO A3_Order_Form VALUES ( 'C10109', '00000015', TO_DATE('02-Jan-2020', 'DD-Mon-YYYY'));  DBMS_OUTPUT.PUT('.');
  INSERT INTO A3_Order_Form VALUES ( 'C00023', '00000016', TO_DATE('02-Jan-2020', 'DD-Mon-YYYY'));  DBMS_OUTPUT.PUT('.');
  INSERT INTO A3_Order_Form VALUES ( 'C88987', '00000017', TO_DATE('02-Jan-2020', 'DD-Mon-YYYY'));  DBMS_OUTPUT.PUT('.');
  INSERT INTO A3_Order_Form VALUES ( 'C80923', '00000018', TO_DATE('31-Jan-2020', 'DD-Mon-YYYY'));  DBMS_OUTPUT.PUT('.');
  INSERT INTO A3_Order_Form VALUES ( 'C02390', '00000019', TO_DATE('23-Dec-2019', 'DD-Mon-YYYY'));  DBMS_OUTPUT.PUT('.');
  INSERT INTO A3_Order_Form VALUES ( 'C11834', '00000020', TO_DATE('04-Dec-2019', 'DD-Mon-YYYY'));  DBMS_OUTPUT.PUT('.');
  INSERT INTO A3_Order_Form VALUES ( 'C77862', '00000021', TO_DATE('09-Nov-2019', 'DD-Mon-YYYY'));  DBMS_OUTPUT.PUT('.');
  INSERT INTO A3_Order_Form VALUES ( 'C38465', '00000022', TO_DATE('09-Oct-2019', 'DD-Mon-YYYY'));  DBMS_OUTPUT.PUT('.');
  INSERT INTO A3_Order_Form VALUES ( 'C56712', '00000023', TO_DATE('02-Jan-2020', 'DD-Mon-YYYY'));  DBMS_OUTPUT.PUT('.');
  INSERT INTO A3_Order_Form VALUES ( 'C73492', '00000024', TO_DATE('30-Nov-2019', 'DD-Mon-YYYY'));  DBMS_OUTPUT.PUT('.');
  INSERT INTO A3_Order_Form VALUES ( 'C87960', '00000025', TO_DATE('02-Jan-2020', 'DD-Mon-YYYY'));  DBMS_OUTPUT.PUT('.');
  INSERT INTO A3_Order_Form VALUES ( 'C76431', '00000026', TO_DATE('02-Jan-2020', 'DD-Mon-YYYY'));  DBMS_OUTPUT.PUT('.');
  INSERT INTO A3_Order_Form VALUES ( 'C28927', '00000027', TO_DATE('26-Dec-2019', 'DD-Mon-YYYY'));  DBMS_OUTPUT.PUT('.');
  INSERT INTO A3_Order_Form VALUES ( 'C33492', '00000028', TO_DATE('31-Oct-2019', 'DD-Mon-YYYY'));  DBMS_OUTPUT.PUT('.');
  INSERT INTO A3_Order_Form VALUES ( 'C38392', '00000029', TO_DATE('30-Jan-2020', 'DD-Mon-YYYY'));  DBMS_OUTPUT.PUT('.');
  INSERT INTO A3_Order_Form VALUES ( 'C00236', '00000030', TO_DATE('17-Dec-2019', 'DD-Mon-YYYY'));  DBMS_OUTPUT.PUT('.');
  INSERT INTO A3_Order_Form VALUES ( 'C33791', '00000031', TO_DATE('02-Jan-2020', 'DD-Mon-YYYY'));  DBMS_OUTPUT.PUT('.');
  INSERT INTO A3_Order_Form VALUES ( 'C53986', '00000032', TO_DATE('02-Jan-2020', 'DD-Mon-YYYY'));  DBMS_OUTPUT.PUT('.');
  INSERT INTO A3_Order_Form VALUES ( 'C11834', '00000033', TO_DATE('02-Feb-2020', 'DD-Mon-YYYY'));  DBMS_OUTPUT.PUT('.');
  INSERT INTO A3_Order_Form VALUES ( 'C61285', '00000034', TO_DATE('02-Jan-2020', 'DD-Mon-YYYY'));  DBMS_OUTPUT.PUT('.');
  INSERT INTO A3_Order_Form VALUES ( 'C22518', '00000035', TO_DATE('02-Dec-2019', 'DD-Mon-YYYY'));  DBMS_OUTPUT.PUT('.');
  INSERT INTO A3_Order_Form VALUES ( 'C24190', '00000036', TO_DATE('17-Nov-2019', 'DD-Mon-YYYY'));  DBMS_OUTPUT.PUT('.');
  INSERT INTO A3_Order_Form VALUES ( 'C68654', '00000037', TO_DATE('02-Jan-2020', 'DD-Mon-YYYY'));  DBMS_OUTPUT.PUT('.');
  INSERT INTO A3_Order_Form VALUES ( 'C33492', '00000038', TO_DATE('04-Nov-2019', 'DD-Mon-YYYY'));  DBMS_OUTPUT.PUT('.');
  INSERT INTO A3_Order_Form VALUES ( 'C56287', '00000039', TO_DATE('02-Jan-2020', 'DD-Mon-YYYY'));  DBMS_OUTPUT.PUT('.');
  INSERT INTO A3_Order_Form VALUES ( 'C28927', '00000040', TO_DATE('13-Oct-2019', 'DD-Mon-YYYY'));  DBMS_OUTPUT.PUT('.');
  INSERT INTO A3_Order_Form VALUES ( 'C33492', '00000041', TO_DATE('02-Jan-2020', 'DD-Mon-YYYY'));  DBMS_OUTPUT.PUT('.');
  INSERT INTO A3_Order_Form VALUES ( 'C11834', '00000042', TO_DATE('05-Dec-2019', 'DD-Mon-YYYY'));  DBMS_OUTPUT.PUT('.');
  INSERT INTO A3_Order_Form VALUES ( 'C22518', '00000043', TO_DATE('02-Jan-2020', 'DD-Mon-YYYY'));  DBMS_OUTPUT.PUT('.');
  INSERT INTO A3_Order_Form VALUES ( 'C46149', '00000044', TO_DATE('02-Jan-2020', 'DD-Mon-YYYY'));  DBMS_OUTPUT.PUT('.');
  INSERT INTO A3_Order_Form VALUES ( 'C82453', '00000045', TO_DATE('23-Jan-2020', 'DD-Mon-YYYY'));  DBMS_OUTPUT.PUT('.');
  INSERT INTO A3_Order_Form VALUES ( 'C84527', '00000046', TO_DATE('02-Jan-2020', 'DD-Mon-YYYY'));  DBMS_OUTPUT.PUT('.');
  INSERT INTO A3_Order_Form VALUES ( 'C22518', '00000047', TO_DATE('02-Jan-2020', 'DD-Mon-YYYY'));  DBMS_OUTPUT.PUT('.');
  INSERT INTO A3_Order_Form VALUES ( 'C82453', '00000048', TO_DATE('20-Dec-2019', 'DD-Mon-YYYY'));  DBMS_OUTPUT.PUT('.');
  INSERT INTO A3_Order_Form VALUES ( 'C84527', '00000049', TO_DATE('10-Nov-2019', 'DD-Mon-YYYY'));  DBMS_OUTPUT.PUT('.');
  INSERT INTO A3_Order_Form VALUES ( 'C22518', '00000050', TO_DATE('02-Jan-2020', 'DD-Mon-YYYY'));  DBMS_OUTPUT.PUT('.');
  INSERT INTO A3_Order_Form VALUES ( 'C80923', '00000051', TO_DATE('07-Feb-2020', 'DD-Mon-YYYY'));  DBMS_OUTPUT.PUT('.');
  INSERT INTO A3_Order_Form VALUES ( 'C55816', '00000052', TO_DATE('02-Jan-2020', 'DD-Mon-YYYY'));  DBMS_OUTPUT.PUT('.');
  INSERT INTO A3_Order_Form VALUES ( 'C11834', '00000053', TO_DATE('06-Dec-2019', 'DD-Mon-YYYY'));  DBMS_OUTPUT.PUT('.');
  INSERT INTO A3_Order_Form VALUES ( 'C52335', '00000054', TO_DATE('02-Jan-2020', 'DD-Mon-YYYY'));  DBMS_OUTPUT.PUT('.');
  INSERT INTO A3_Order_Form VALUES ( 'C22518', '00000055', TO_DATE('02-Jan-2020', 'DD-Mon-YYYY'));  DBMS_OUTPUT.PUT('.');
  INSERT INTO A3_Order_Form VALUES ( 'C34582', '00000056', TO_DATE('21-Jan-2020', 'DD-Mon-YYYY'));  DBMS_OUTPUT.PUT('.');
  INSERT INTO A3_Order_Form VALUES ( 'C26780', '00000057', TO_DATE('25-Nov-2019', 'DD-Mon-YYYY'));  DBMS_OUTPUT.PUT('.');
  INSERT INTO A3_Order_Form VALUES ( 'C00236', '00000058', TO_DATE('19-Oct-2019', 'DD-Mon-YYYY'));  DBMS_OUTPUT.PUT('.');
  INSERT INTO A3_Order_Form VALUES ( 'C23177', '00000059', TO_DATE('02-Jan-2020', 'DD-Mon-YYYY'));  DBMS_OUTPUT.PUT('.');
  INSERT INTO A3_Order_Form VALUES ( 'C34582', '00000060', TO_DATE('13-Jan-2020', 'DD-Mon-YYYY'));  DBMS_OUTPUT.PUT('.');
  INSERT INTO A3_Order_Form VALUES ( 'C02390', '00000061', TO_DATE('01-Oct-2019', 'DD-Mon-YYYY'));  DBMS_OUTPUT.PUT('.');
  INSERT INTO A3_Order_Form VALUES ( 'C13755', '00000062', TO_DATE('02-Jan-2020', 'DD-Mon-YYYY'));  DBMS_OUTPUT.PUT('.');
  INSERT INTO A3_Order_Form VALUES ( 'C22518', '00000063', TO_DATE('02-Jan-2020', 'DD-Mon-YYYY'));  DBMS_OUTPUT.PUT('.');
  INSERT INTO A3_Order_Form VALUES ( 'C29811', '00000064', TO_DATE('19-Dec-2019', 'DD-Mon-YYYY'));  DBMS_OUTPUT.PUT('.');
  INSERT INTO A3_Order_Form VALUES ( 'C84527', '00000065', TO_DATE('12-Jan-2020', 'DD-Mon-YYYY'));  DBMS_OUTPUT.PUT('.');
  INSERT INTO A3_Order_Form VALUES ( 'C89942', '00000066', TO_DATE('12-Nov-2019', 'DD-Mon-YYYY'));  DBMS_OUTPUT.PUT('.');
  INSERT INTO A3_Order_Form VALUES ( 'C14561', '00000067', TO_DATE('03-Dec-2019', 'DD-Mon-YYYY'));  DBMS_OUTPUT.PUT('.');
  INSERT INTO A3_Order_Form VALUES ( 'C73492', '00000068', TO_DATE('29-Feb-2020', 'DD-Mon-YYYY'));  DBMS_OUTPUT.PUT('.');
  INSERT INTO A3_Order_Form VALUES ( 'C21802', '00000069', TO_DATE('02-Jan-2020', 'DD-Mon-YYYY'));  DBMS_OUTPUT.PUT('.');
  INSERT INTO A3_Order_Form VALUES ( 'C28927', '00000070', TO_DATE('16-Nov-2019', 'DD-Mon-YYYY'));  DBMS_OUTPUT.PUT('.');
  SELECT COUNT (*) INTO r_cnt FROM A3_Order_Form;
  DBMS_OUTPUT.PUT_LINE('| ' || r_cnt || ' records' );

  DBMS_OUTPUT.PUT('  A3_Order_Item |');

  INSERT INTO A3_Order_Item ( Tree_ID, Date_Grafted, Order_ID ) VALUES ( '000001', TO_DATE('07-Mar-2019', 'DD-Mon-YYYY'), '00000001');  DBMS_OUTPUT.PUT('.');
  INSERT INTO A3_Order_Item ( Tree_ID, Date_Grafted, Order_ID, Quantity ) VALUES ( '000047', TO_DATE('16-Apr-2020', 'DD-Mon-YYYY'), '00000002', 3);  DBMS_OUTPUT.PUT('.');
  INSERT INTO A3_Order_Item ( Tree_ID, Date_Grafted, Order_ID ) VALUES ( '000040', TO_DATE('29-Mar-2019', 'DD-Mon-YYYY'), '00000002');  DBMS_OUTPUT.PUT('.');
  INSERT INTO A3_Order_Item ( Tree_ID, Date_Grafted, Order_ID ) VALUES ( '000062', TO_DATE('20-Mar-2019', 'DD-Mon-YYYY'), '00000002');  DBMS_OUTPUT.PUT('.');
  INSERT INTO A3_Order_Item ( Tree_ID, Date_Grafted, Order_ID, Quantity ) VALUES ( '000070', TO_DATE('12-Apr-2020', 'DD-Mon-YYYY'), '00000003', 2);  DBMS_OUTPUT.PUT('.');
  INSERT INTO A3_Order_Item ( Tree_ID, Date_Grafted, Order_ID, Quantity ) VALUES ( '000030', TO_DATE('29-Mar-2018', 'DD-Mon-YYYY'), '00000003', 2);  DBMS_OUTPUT.PUT('.');
  INSERT INTO A3_Order_Item ( Tree_ID, Date_Grafted, Order_ID ) VALUES ( '000044', TO_DATE('16-Apr-2020', 'DD-Mon-YYYY'), '00000003');  DBMS_OUTPUT.PUT('.');
  INSERT INTO A3_Order_Item ( Tree_ID, Date_Grafted, Order_ID ) VALUES ( '000038', TO_DATE('13-Apr-2019', 'DD-Mon-YYYY'), '00000003');  DBMS_OUTPUT.PUT('.');
  INSERT INTO A3_Order_Item ( Tree_ID, Date_Grafted, Order_ID ) VALUES ( '000034', TO_DATE('16-Mar-2020', 'DD-Mon-YYYY'), '00000004');  DBMS_OUTPUT.PUT('.');
  INSERT INTO A3_Order_Item ( Tree_ID, Date_Grafted, Order_ID, Quantity ) VALUES ( '000030', TO_DATE('29-Mar-2018', 'DD-Mon-YYYY'), '00000005', 2);  DBMS_OUTPUT.PUT('.');
  INSERT INTO A3_Order_Item ( Tree_ID, Date_Grafted, Order_ID, Quantity ) VALUES ( '000038', TO_DATE('16-Apr-2018', 'DD-Mon-YYYY'), '00000006', 3);  DBMS_OUTPUT.PUT('.');
  INSERT INTO A3_Order_Item ( Tree_ID, Date_Grafted, Order_ID ) VALUES ( '000037', TO_DATE('15-Apr-2018', 'DD-Mon-YYYY'), '00000007');  DBMS_OUTPUT.PUT('.');
  INSERT INTO A3_Order_Item ( Tree_ID, Date_Grafted, Order_ID, Quantity ) VALUES ( '000009', TO_DATE('16-Mar-2020', 'DD-Mon-YYYY'), '00000007', 2);  DBMS_OUTPUT.PUT('.');
  INSERT INTO A3_Order_Item ( Tree_ID, Date_Grafted, Order_ID ) VALUES ( '000038', TO_DATE('13-Apr-2019', 'DD-Mon-YYYY'), '00000007');  DBMS_OUTPUT.PUT('.');
  INSERT INTO A3_Order_Item ( Tree_ID, Date_Grafted, Order_ID ) VALUES ( '000025', TO_DATE('25-Mar-2019', 'DD-Mon-YYYY'), '00000008');  DBMS_OUTPUT.PUT('.');
  INSERT INTO A3_Order_Item ( Tree_ID, Date_Grafted, Order_ID ) VALUES ( '000060', TO_DATE('16-Mar-2020', 'DD-Mon-YYYY'), '00000009');  DBMS_OUTPUT.PUT('.');
  INSERT INTO A3_Order_Item ( Tree_ID, Date_Grafted, Order_ID ) VALUES ( '000022', TO_DATE('10-Mar-2020', 'DD-Mon-YYYY'), '00000009');  DBMS_OUTPUT.PUT('.');
  INSERT INTO A3_Order_Item ( Tree_ID, Date_Grafted, Order_ID, Quantity ) VALUES ( '000007', TO_DATE('21-Mar-2019', 'DD-Mon-YYYY'), '00000010', 2);  DBMS_OUTPUT.PUT('.');
  INSERT INTO A3_Order_Item ( Tree_ID, Date_Grafted, Order_ID ) VALUES ( '000034', TO_DATE('16-Mar-2020', 'DD-Mon-YYYY'), '00000010');  DBMS_OUTPUT.PUT('.');
  INSERT INTO A3_Order_Item ( Tree_ID, Date_Grafted, Order_ID ) VALUES ( '000010', TO_DATE('05-Apr-2020', 'DD-Mon-YYYY'), '00000010');  DBMS_OUTPUT.PUT('.');
  INSERT INTO A3_Order_Item ( Tree_ID, Date_Grafted, Order_ID ) VALUES ( '000038', TO_DATE('13-Apr-2019', 'DD-Mon-YYYY'), '00000010');  DBMS_OUTPUT.PUT('.');
  INSERT INTO A3_Order_Item ( Tree_ID, Date_Grafted, Order_ID ) VALUES ( '000014', TO_DATE('15-Mar-2020', 'DD-Mon-YYYY'), '00000011');  DBMS_OUTPUT.PUT('.');
  INSERT INTO A3_Order_Item ( Tree_ID, Date_Grafted, Order_ID, Quantity ) VALUES ( '000053', TO_DATE('21-Mar-2018', 'DD-Mon-YYYY'), '00000011', 2);  DBMS_OUTPUT.PUT('.');
  INSERT INTO A3_Order_Item ( Tree_ID, Date_Grafted, Order_ID, Quantity ) VALUES ( '000038', TO_DATE('15-Apr-2020', 'DD-Mon-YYYY'), '00000012', 2);  DBMS_OUTPUT.PUT('.');
  INSERT INTO A3_Order_Item ( Tree_ID, Date_Grafted, Order_ID ) VALUES ( '000037', TO_DATE('16-Apr-2020', 'DD-Mon-YYYY'), '00000013');  DBMS_OUTPUT.PUT('.');
  INSERT INTO A3_Order_Item ( Tree_ID, Date_Grafted, Order_ID, Quantity ) VALUES ( '000062', TO_DATE('21-Mar-2018', 'DD-Mon-YYYY'), '00000014', 2);  DBMS_OUTPUT.PUT('.');
  INSERT INTO A3_Order_Item ( Tree_ID, Date_Grafted, Order_ID, Quantity ) VALUES ( '000034', TO_DATE('16-Mar-2020', 'DD-Mon-YYYY'), '00000015', 3);  DBMS_OUTPUT.PUT('.');
  INSERT INTO A3_Order_Item ( Tree_ID, Date_Grafted, Order_ID ) VALUES ( '000001', TO_DATE('09-Mar-2020', 'DD-Mon-YYYY'), '00000015');  DBMS_OUTPUT.PUT('.');
  INSERT INTO A3_Order_Item ( Tree_ID, Date_Grafted, Order_ID ) VALUES ( '000072', TO_DATE('13-Apr-2019', 'DD-Mon-YYYY'), '00000015');  DBMS_OUTPUT.PUT('.');
  INSERT INTO A3_Order_Item ( Tree_ID, Date_Grafted, Order_ID ) VALUES ( '000033', TO_DATE('17-Mar-2018', 'DD-Mon-YYYY'), '00000015');  DBMS_OUTPUT.PUT('.');
  INSERT INTO A3_Order_Item ( Tree_ID, Date_Grafted, Order_ID ) VALUES ( '000020', TO_DATE('05-Apr-2019', 'DD-Mon-YYYY'), '00000015');  DBMS_OUTPUT.PUT('.');
  INSERT INTO A3_Order_Item ( Tree_ID, Date_Grafted, Order_ID ) VALUES ( '000068', TO_DATE('29-Mar-2019', 'DD-Mon-YYYY'), '00000016');  DBMS_OUTPUT.PUT('.');
  INSERT INTO A3_Order_Item ( Tree_ID, Date_Grafted, Order_ID ) VALUES ( '000038', TO_DATE('16-Apr-2018', 'DD-Mon-YYYY'), '00000016');  DBMS_OUTPUT.PUT('.');
  INSERT INTO A3_Order_Item ( Tree_ID, Date_Grafted, Order_ID ) VALUES ( '000059', TO_DATE('09-Mar-2019', 'DD-Mon-YYYY'), '00000017');  DBMS_OUTPUT.PUT('.');
  INSERT INTO A3_Order_Item ( Tree_ID, Date_Grafted, Order_ID, Quantity ) VALUES ( '000037', TO_DATE('15-Apr-2018', 'DD-Mon-YYYY'), '00000017', 3);  DBMS_OUTPUT.PUT('.');
  INSERT INTO A3_Order_Item ( Tree_ID, Date_Grafted, Order_ID ) VALUES ( '000037', TO_DATE('15-Apr-2018', 'DD-Mon-YYYY'), '00000018');  DBMS_OUTPUT.PUT('.');
  INSERT INTO A3_Order_Item ( Tree_ID, Date_Grafted, Order_ID, Quantity ) VALUES ( '000065', TO_DATE('08-Mar-2020', 'DD-Mon-YYYY'), '00000018', 2);  DBMS_OUTPUT.PUT('.');
  INSERT INTO A3_Order_Item ( Tree_ID, Date_Grafted, Order_ID ) VALUES ( '000044', TO_DATE('16-Apr-2020', 'DD-Mon-YYYY'), '00000018');  DBMS_OUTPUT.PUT('.');
  INSERT INTO A3_Order_Item ( Tree_ID, Date_Grafted, Order_ID ) VALUES ( '000012', TO_DATE('07-Apr-2018', 'DD-Mon-YYYY'), '00000019');  DBMS_OUTPUT.PUT('.');
  INSERT INTO A3_Order_Item ( Tree_ID, Date_Grafted, Order_ID ) VALUES ( '000012', TO_DATE('07-Apr-2018', 'DD-Mon-YYYY'), '00000020');  DBMS_OUTPUT.PUT('.');
  INSERT INTO A3_Order_Item ( Tree_ID, Date_Grafted, Order_ID ) VALUES ( '000040', TO_DATE('24-Mar-2020', 'DD-Mon-YYYY'), '00000021');  DBMS_OUTPUT.PUT('.');
  INSERT INTO A3_Order_Item ( Tree_ID, Date_Grafted, Order_ID, Quantity ) VALUES ( '000014', TO_DATE('15-Mar-2020', 'DD-Mon-YYYY'), '00000021', 2);  DBMS_OUTPUT.PUT('.');
  INSERT INTO A3_Order_Item ( Tree_ID, Date_Grafted, Order_ID, Quantity ) VALUES ( '000031', TO_DATE('24-Mar-2020', 'DD-Mon-YYYY'), '00000022', 2);  DBMS_OUTPUT.PUT('.');
  INSERT INTO A3_Order_Item ( Tree_ID, Date_Grafted, Order_ID ) VALUES ( '000060', TO_DATE('16-Mar-2020', 'DD-Mon-YYYY'), '00000023');  DBMS_OUTPUT.PUT('.');
  INSERT INTO A3_Order_Item ( Tree_ID, Date_Grafted, Order_ID, Quantity ) VALUES ( '000007', TO_DATE('21-Mar-2019', 'DD-Mon-YYYY'), '00000024', 3);  DBMS_OUTPUT.PUT('.');
  INSERT INTO A3_Order_Item ( Tree_ID, Date_Grafted, Order_ID, Quantity ) VALUES ( '000060', TO_DATE('16-Mar-2020', 'DD-Mon-YYYY'), '00000024', 2);  DBMS_OUTPUT.PUT('.');
  INSERT INTO A3_Order_Item ( Tree_ID, Date_Grafted, Order_ID, Quantity ) VALUES ( '000046', TO_DATE('13-Apr-2019', 'DD-Mon-YYYY'), '00000024', 2);  DBMS_OUTPUT.PUT('.');
  INSERT INTO A3_Order_Item ( Tree_ID, Date_Grafted, Order_ID ) VALUES ( '000037', TO_DATE('16-Apr-2020', 'DD-Mon-YYYY'), '00000025');  DBMS_OUTPUT.PUT('.');
  INSERT INTO A3_Order_Item ( Tree_ID, Date_Grafted, Order_ID ) VALUES ( '000034', TO_DATE('16-Mar-2020', 'DD-Mon-YYYY'), '00000025');  DBMS_OUTPUT.PUT('.');
  INSERT INTO A3_Order_Item ( Tree_ID, Date_Grafted, Order_ID ) VALUES ( '000025', TO_DATE('25-Mar-2019', 'DD-Mon-YYYY'), '00000026');  DBMS_OUTPUT.PUT('.');
  INSERT INTO A3_Order_Item ( Tree_ID, Date_Grafted, Order_ID ) VALUES ( '000054', TO_DATE('21-Mar-2018', 'DD-Mon-YYYY'), '00000027');  DBMS_OUTPUT.PUT('.');
  INSERT INTO A3_Order_Item ( Tree_ID, Date_Grafted, Order_ID ) VALUES ( '000043', TO_DATE('16-Apr-2020', 'DD-Mon-YYYY'), '00000028');  DBMS_OUTPUT.PUT('.');
  INSERT INTO A3_Order_Item ( Tree_ID, Date_Grafted, Order_ID ) VALUES ( '000010', TO_DATE('05-Apr-2020', 'DD-Mon-YYYY'), '00000029');  DBMS_OUTPUT.PUT('.');
  INSERT INTO A3_Order_Item ( Tree_ID, Date_Grafted, Order_ID ) VALUES ( '000033', TO_DATE('15-Mar-2020', 'DD-Mon-YYYY'), '00000030');  DBMS_OUTPUT.PUT('.');
  INSERT INTO A3_Order_Item ( Tree_ID, Date_Grafted, Order_ID ) VALUES ( '000009', TO_DATE('17-Mar-2019', 'DD-Mon-YYYY'), '00000031');  DBMS_OUTPUT.PUT('.');
  INSERT INTO A3_Order_Item ( Tree_ID, Date_Grafted, Order_ID ) VALUES ( '000052', TO_DATE('19-Mar-2019', 'DD-Mon-YYYY'), '00000032');  DBMS_OUTPUT.PUT('.');
  INSERT INTO A3_Order_Item ( Tree_ID, Date_Grafted, Order_ID ) VALUES ( '000009', TO_DATE('16-Mar-2020', 'DD-Mon-YYYY'), '00000032');  DBMS_OUTPUT.PUT('.');
  INSERT INTO A3_Order_Item ( Tree_ID, Date_Grafted, Order_ID, Quantity ) VALUES ( '000018', TO_DATE('10-Apr-2020', 'DD-Mon-YYYY'), '00000032', 2);  DBMS_OUTPUT.PUT('.');
  INSERT INTO A3_Order_Item ( Tree_ID, Date_Grafted, Order_ID ) VALUES ( '000026', TO_DATE('31-Mar-2018', 'DD-Mon-YYYY'), '00000032');  DBMS_OUTPUT.PUT('.');
  INSERT INTO A3_Order_Item ( Tree_ID, Date_Grafted, Order_ID ) VALUES ( '000068', TO_DATE('29-Mar-2019', 'DD-Mon-YYYY'), '00000033');  DBMS_OUTPUT.PUT('.');
  INSERT INTO A3_Order_Item ( Tree_ID, Date_Grafted, Order_ID, Quantity ) VALUES ( '000014', TO_DATE('15-Mar-2020', 'DD-Mon-YYYY'), '00000034', 2);  DBMS_OUTPUT.PUT('.');
  INSERT INTO A3_Order_Item ( Tree_ID, Date_Grafted, Order_ID, Quantity ) VALUES ( '000055', TO_DATE('19-Mar-2020', 'DD-Mon-YYYY'), '00000034', 2);  DBMS_OUTPUT.PUT('.');
  INSERT INTO A3_Order_Item ( Tree_ID, Date_Grafted, Order_ID ) VALUES ( '000009', TO_DATE('17-Mar-2019', 'DD-Mon-YYYY'), '00000035');  DBMS_OUTPUT.PUT('.');
  INSERT INTO A3_Order_Item ( Tree_ID, Date_Grafted, Order_ID, Quantity ) VALUES ( '000007', TO_DATE('21-Mar-2019', 'DD-Mon-YYYY'), '00000036', 4);  DBMS_OUTPUT.PUT('.');
  INSERT INTO A3_Order_Item ( Tree_ID, Date_Grafted, Order_ID ) VALUES ( '000001', TO_DATE('09-Mar-2020', 'DD-Mon-YYYY'), '00000036');  DBMS_OUTPUT.PUT('.');
  INSERT INTO A3_Order_Item ( Tree_ID, Date_Grafted, Order_ID ) VALUES ( '000022', TO_DATE('10-Mar-2020', 'DD-Mon-YYYY'), '00000037');  DBMS_OUTPUT.PUT('.');
  INSERT INTO A3_Order_Item ( Tree_ID, Date_Grafted, Order_ID, Quantity ) VALUES ( '000047', TO_DATE('13-Apr-2019', 'DD-Mon-YYYY'), '00000038', 5);  DBMS_OUTPUT.PUT('.');
  INSERT INTO A3_Order_Item ( Tree_ID, Date_Grafted, Order_ID ) VALUES ( '000037', TO_DATE('16-Apr-2020', 'DD-Mon-YYYY'), '00000039');  DBMS_OUTPUT.PUT('.');
  INSERT INTO A3_Order_Item ( Tree_ID, Date_Grafted, Order_ID ) VALUES ( '000037', TO_DATE('16-Apr-2020', 'DD-Mon-YYYY'), '00000040');  DBMS_OUTPUT.PUT('.');
  INSERT INTO A3_Order_Item ( Tree_ID, Date_Grafted, Order_ID ) VALUES ( '000011', TO_DATE('05-Apr-2020', 'DD-Mon-YYYY'), '00000040');  DBMS_OUTPUT.PUT('.');
  INSERT INTO A3_Order_Item ( Tree_ID, Date_Grafted, Order_ID ) VALUES ( '000072', TO_DATE('13-Apr-2019', 'DD-Mon-YYYY'), '00000040');  DBMS_OUTPUT.PUT('.');
  INSERT INTO A3_Order_Item ( Tree_ID, Date_Grafted, Order_ID ) VALUES ( '000010', TO_DATE('05-Apr-2020', 'DD-Mon-YYYY'), '00000041');  DBMS_OUTPUT.PUT('.');
  INSERT INTO A3_Order_Item ( Tree_ID, Date_Grafted, Order_ID ) VALUES ( '000076', TO_DATE('22-Mar-2020', 'DD-Mon-YYYY'), '00000042');  DBMS_OUTPUT.PUT('.');
  INSERT INTO A3_Order_Item ( Tree_ID, Date_Grafted, Order_ID, Quantity ) VALUES ( '000001', TO_DATE('09-Mar-2020', 'DD-Mon-YYYY'), '00000043', 2);  DBMS_OUTPUT.PUT('.');
  INSERT INTO A3_Order_Item ( Tree_ID, Date_Grafted, Order_ID, Quantity ) VALUES ( '000009', TO_DATE('17-Mar-2019', 'DD-Mon-YYYY'), '00000044', 2);  DBMS_OUTPUT.PUT('.');
  INSERT INTO A3_Order_Item ( Tree_ID, Date_Grafted, Order_ID ) VALUES ( '000016', TO_DATE('12-Apr-2018', 'DD-Mon-YYYY'), '00000045');  DBMS_OUTPUT.PUT('.');
  INSERT INTO A3_Order_Item ( Tree_ID, Date_Grafted, Order_ID ) VALUES ( '000009', TO_DATE('17-Mar-2019', 'DD-Mon-YYYY'), '00000045');  DBMS_OUTPUT.PUT('.');
  INSERT INTO A3_Order_Item ( Tree_ID, Date_Grafted, Order_ID ) VALUES ( '000004', TO_DATE('02-Apr-2019', 'DD-Mon-YYYY'), '00000046');  DBMS_OUTPUT.PUT('.');
  INSERT INTO A3_Order_Item ( Tree_ID, Date_Grafted, Order_ID ) VALUES ( '000072', TO_DATE('13-Apr-2019', 'DD-Mon-YYYY'), '00000046');  DBMS_OUTPUT.PUT('.');
  INSERT INTO A3_Order_Item ( Tree_ID, Date_Grafted, Order_ID, Quantity ) VALUES ( '000076', TO_DATE('22-Mar-2020', 'DD-Mon-YYYY'), '00000047', 3);  DBMS_OUTPUT.PUT('.');
  INSERT INTO A3_Order_Item ( Tree_ID, Date_Grafted, Order_ID ) VALUES ( '000067', TO_DATE('29-Mar-2019', 'DD-Mon-YYYY'), '00000047');  DBMS_OUTPUT.PUT('.');
  INSERT INTO A3_Order_Item ( Tree_ID, Date_Grafted, Order_ID ) VALUES ( '000056', TO_DATE('22-Mar-2018', 'DD-Mon-YYYY'), '00000047');  DBMS_OUTPUT.PUT('.');
  INSERT INTO A3_Order_Item ( Tree_ID, Date_Grafted, Order_ID ) VALUES ( '000033', TO_DATE('15-Mar-2019', 'DD-Mon-YYYY'), '00000048');  DBMS_OUTPUT.PUT('.');
  INSERT INTO A3_Order_Item ( Tree_ID, Date_Grafted, Order_ID ) VALUES ( '000034', TO_DATE('16-Mar-2020', 'DD-Mon-YYYY'), '00000049');  DBMS_OUTPUT.PUT('.');
  INSERT INTO A3_Order_Item ( Tree_ID, Date_Grafted, Order_ID ) VALUES ( '000047', TO_DATE('15-Apr-2018', 'DD-Mon-YYYY'), '00000050');  DBMS_OUTPUT.PUT('.');
  INSERT INTO A3_Order_Item ( Tree_ID, Date_Grafted, Order_ID ) VALUES ( '000038', TO_DATE('16-Apr-2018', 'DD-Mon-YYYY'), '00000051');  DBMS_OUTPUT.PUT('.');
  INSERT INTO A3_Order_Item ( Tree_ID, Date_Grafted, Order_ID, Quantity ) VALUES ( '000059', TO_DATE('09-Mar-2019', 'DD-Mon-YYYY'), '00000052', 2);  DBMS_OUTPUT.PUT('.');
  INSERT INTO A3_Order_Item ( Tree_ID, Date_Grafted, Order_ID ) VALUES ( '000013', TO_DATE('15-Mar-2020', 'DD-Mon-YYYY'), '00000052');  DBMS_OUTPUT.PUT('.');
  INSERT INTO A3_Order_Item ( Tree_ID, Date_Grafted, Order_ID, Quantity ) VALUES ( '000072', TO_DATE('13-Apr-2019', 'DD-Mon-YYYY'), '00000052', 2);  DBMS_OUTPUT.PUT('.');
  INSERT INTO A3_Order_Item ( Tree_ID, Date_Grafted, Order_ID ) VALUES ( '000055', TO_DATE('19-Mar-2020', 'DD-Mon-YYYY'), '00000053');  DBMS_OUTPUT.PUT('.');
  INSERT INTO A3_Order_Item ( Tree_ID, Date_Grafted, Order_ID ) VALUES ( '000006', TO_DATE('30-Mar-2017', 'DD-Mon-YYYY'), '00000054');  DBMS_OUTPUT.PUT('.');
  INSERT INTO A3_Order_Item ( Tree_ID, Date_Grafted, Order_ID ) VALUES ( '000053', TO_DATE('19-Mar-2020', 'DD-Mon-YYYY'), '00000055');  DBMS_OUTPUT.PUT('.');
  INSERT INTO A3_Order_Item ( Tree_ID, Date_Grafted, Order_ID, Quantity ) VALUES ( '000020', TO_DATE('07-Apr-2018', 'DD-Mon-YYYY'), '00000056', 2);  DBMS_OUTPUT.PUT('.');
  INSERT INTO A3_Order_Item ( Tree_ID, Date_Grafted, Order_ID, Quantity ) VALUES ( '000017', TO_DATE('10-Apr-2020', 'DD-Mon-YYYY'), '00000057', 3);  DBMS_OUTPUT.PUT('.');
  INSERT INTO A3_Order_Item ( Tree_ID, Date_Grafted, Order_ID, Quantity ) VALUES ( '000037', TO_DATE('16-Apr-2020', 'DD-Mon-YYYY'), '00000057', 2);  DBMS_OUTPUT.PUT('.');
  INSERT INTO A3_Order_Item ( Tree_ID, Date_Grafted, Order_ID, Quantity ) VALUES ( '000012', TO_DATE('07-Apr-2018', 'DD-Mon-YYYY'), '00000058', 2);  DBMS_OUTPUT.PUT('.');
  INSERT INTO A3_Order_Item ( Tree_ID, Date_Grafted, Order_ID, Quantity ) VALUES ( '000052', TO_DATE('19-Mar-2019', 'DD-Mon-YYYY'), '00000059', 3);  DBMS_OUTPUT.PUT('.');
  INSERT INTO A3_Order_Item ( Tree_ID, Date_Grafted, Order_ID ) VALUES ( '000009', TO_DATE('16-Mar-2020', 'DD-Mon-YYYY'), '00000060');  DBMS_OUTPUT.PUT('.');
  INSERT INTO A3_Order_Item ( Tree_ID, Date_Grafted, Order_ID ) VALUES ( '000009', TO_DATE('16-Mar-2020', 'DD-Mon-YYYY'), '00000061');  DBMS_OUTPUT.PUT('.');
  INSERT INTO A3_Order_Item ( Tree_ID, Date_Grafted, Order_ID ) VALUES ( '000004', TO_DATE('02-Apr-2019', 'DD-Mon-YYYY'), '00000061');  DBMS_OUTPUT.PUT('.');
  INSERT INTO A3_Order_Item ( Tree_ID, Date_Grafted, Order_ID ) VALUES ( '000010', TO_DATE('05-Apr-2020', 'DD-Mon-YYYY'), '00000061');  DBMS_OUTPUT.PUT('.');
  INSERT INTO A3_Order_Item ( Tree_ID, Date_Grafted, Order_ID ) VALUES ( '000056', TO_DATE('22-Mar-2018', 'DD-Mon-YYYY'), '00000061');  DBMS_OUTPUT.PUT('.');
  INSERT INTO A3_Order_Item ( Tree_ID, Date_Grafted, Order_ID, Quantity ) VALUES ( '000037', TO_DATE('15-Apr-2018', 'DD-Mon-YYYY'), '00000061', 2);  DBMS_OUTPUT.PUT('.');
  INSERT INTO A3_Order_Item ( Tree_ID, Date_Grafted, Order_ID ) VALUES ( '000013', TO_DATE('15-Mar-2020', 'DD-Mon-YYYY'), '00000062');  DBMS_OUTPUT.PUT('.');
  INSERT INTO A3_Order_Item ( Tree_ID, Date_Grafted, Order_ID, Quantity ) VALUES ( '000055', TO_DATE('19-Mar-2020', 'DD-Mon-YYYY'), '00000063', 2);  DBMS_OUTPUT.PUT('.');
  INSERT INTO A3_Order_Item ( Tree_ID, Date_Grafted, Order_ID, Quantity ) VALUES ( '000068', TO_DATE('29-Mar-2019', 'DD-Mon-YYYY'), '00000063', 2);  DBMS_OUTPUT.PUT('.');
  INSERT INTO A3_Order_Item ( Tree_ID, Date_Grafted, Order_ID ) VALUES ( '000076', TO_DATE('22-Mar-2020', 'DD-Mon-YYYY'), '00000063');  DBMS_OUTPUT.PUT('.');
  INSERT INTO A3_Order_Item ( Tree_ID, Date_Grafted, Order_ID ) VALUES ( '000009', TO_DATE('17-Mar-2019', 'DD-Mon-YYYY'), '00000064');  DBMS_OUTPUT.PUT('.');
  INSERT INTO A3_Order_Item ( Tree_ID, Date_Grafted, Order_ID ) VALUES ( '000003', TO_DATE('13-Apr-2017', 'DD-Mon-YYYY'), '00000065');  DBMS_OUTPUT.PUT('.');
  INSERT INTO A3_Order_Item ( Tree_ID, Date_Grafted, Order_ID ) VALUES ( '000009', TO_DATE('16-Mar-2020', 'DD-Mon-YYYY'), '00000066');  DBMS_OUTPUT.PUT('.');
  INSERT INTO A3_Order_Item ( Tree_ID, Date_Grafted, Order_ID ) VALUES ( '000014', TO_DATE('15-Mar-2020', 'DD-Mon-YYYY'), '00000066');  DBMS_OUTPUT.PUT('.');
  INSERT INTO A3_Order_Item ( Tree_ID, Date_Grafted, Order_ID ) VALUES ( '000011', TO_DATE('05-Apr-2020', 'DD-Mon-YYYY'), '00000067');  DBMS_OUTPUT.PUT('.');
  INSERT INTO A3_Order_Item ( Tree_ID, Date_Grafted, Order_ID ) VALUES ( '000037', TO_DATE('16-Apr-2020', 'DD-Mon-YYYY'), '00000068');  DBMS_OUTPUT.PUT('.');
  INSERT INTO A3_Order_Item ( Tree_ID, Date_Grafted, Order_ID, Quantity ) VALUES ( '000046', TO_DATE('13-Apr-2019', 'DD-Mon-YYYY'), '00000068', 4);  DBMS_OUTPUT.PUT('.');
  INSERT INTO A3_Order_Item ( Tree_ID, Date_Grafted, Order_ID, Quantity ) VALUES ( '000011', TO_DATE('05-Apr-2020', 'DD-Mon-YYYY'), '00000068', 2);  DBMS_OUTPUT.PUT('.');
  INSERT INTO A3_Order_Item ( Tree_ID, Date_Grafted, Order_ID ) VALUES ( '000029', TO_DATE('14-Apr-2020', 'DD-Mon-YYYY'), '00000069');  DBMS_OUTPUT.PUT('.');
  INSERT INTO A3_Order_Item ( Tree_ID, Date_Grafted, Order_ID ) VALUES ( '000022', TO_DATE('10-Mar-2020', 'DD-Mon-YYYY'), '00000070');  DBMS_OUTPUT.PUT('.');
  INSERT INTO A3_Order_Item ( Tree_ID, Date_Grafted, Order_ID, Quantity ) VALUES ( '000076', TO_DATE('22-Mar-2020', 'DD-Mon-YYYY'), '00000070', 3);  DBMS_OUTPUT.PUT('.');
  SELECT COUNT (*) INTO r_cnt FROM A3_Order_Item;
  DBMS_OUTPUT.PUT_LINE('| ' || r_cnt || ' records' );

END;

/
SET SERVEROUTPUT OFF